fid;Tipologia d'espai;Carrer;Barri;Tipologia;Notes;Revisió;X;Y;GENERE
7;;;;;;Si;431056,9042;4585925,942;FEM
8;Comerç de cura;C. Felip II;La Sagrera;Forn;;No;432090,5335;4585730,771;FEM
9;Centre cultural;Av. Meridiana;La Sagrera;Fundació;;No;432086,752;4585745,162;FEM
10;Centre estètic;Av. Meridiana;La Sagrera;Ungles;''vietnamita'';Si;432081,7099;4585820,058;FEM
11;Comerç de cura;Av. Meridiana;La Sagrera;Óptica;;No;432081,4998;4585867,328;FEM
12;Comerç de cura;Av. Meridiana;La Sagrera;Forn;;No;432082,13;4585860,5;FEM
13;Comerç de cura;C. d'Hondures;La Sagrera;Farmàcia;;No;432173,7281;4585829,722;FEM
14;Comerç de cura;C. d'Hondures;La Sagrera;Fisioterapia;;No;432144,0533;4585821,477;FEM
15;Comerç de cura;C. d'Hondures;La Sagrera;Supermercat;;No;432136,3851;4585870,637;FEM
16;Comerç de cura;Av. Meridiana;La Sagrera;Viatges;;No;432082,2351;4585931,418;FEM
17;(Super)mercat;C. d'Hondures;La Sagrera;Supermercat;Caprabo;No;432098,937;4585906,733;FEM
18;(Super)mercat;Av. Meridiana;La Sagrera;Supermercat;Latino;Si;432083,3906;4585945,389;FEM
19;Comerç de cura;Av. Meridiana;La Sagrera;Forn;Element de classe (forn fashion) Granier;No;432083,0754;4585942,447;FEM
20;Comerç de cura;Av. Meridiana;La Sagrera;Forn;MaxiPa;No;432084,7561;4586065,086;FEM
21;Comerç de cura;Av. Meridiana;La Sagrera;Forn;;No;432084,2309;4586068,657;FEM
22;Comerç de cura;Av. Meridiana;La Sagrera;Roba;;No;432085,0713;4586055,527;FEM
23;Comerç de cura;Av. Meridiana;La Sagrera;Tintoreria;;No;432084,1259;4586072,229;FEM
24;(Super)mercat;Av. Meridiana;La Sagrera;Todo a 100;;No;432084,1521;4586070,968;FEM
25;Comerç de cura;Av. Meridiana;La Sagrera;Forn;365;No;432083,4168;4586097,439;FEM
26;Comerç de cura;Av. Meridiana;La Sagrera;Roba;;No;432083,4168;4586104,687;FEM
27;(Super)mercat;Av. Meridiana;La Sagrera;Supermercat;;No;432085,0187;4586173,176;FEM
28;(Super)mercat;Av. Meridiana;La Sagrera;Supermercat;;No;432085,1763;4586177,745;FEM
29;Comerç de cura;Av. Meridiana;La Sagrera;Roba;Humana;No;432085,649;4586169,867;FEM
30;Comerç de cura;Av. Meridiana;La Sagrera;Dentista;;No;432085,7278;4586166,952;FEM
31;Comerç de cura;Av. Meridiana;La Sagrera;Farmàcia;;No;432077,3768;4586216,979;FEM
32;Centre estètic;Av. Meridiana;La Sagrera;Perruqueria;Mariam B;Si;432076,9041;4586229,269;FEM
33;Centre estètic;Av. Meridiana;La Sagrera;Reiki;Centre de reiki i terapies alternatives esotèriques;Si;432075,3285;4586252,589;FEM
34;Centre estètic;C. de les Filipines;La Sagrera;Taichi;;No;432104,7932;4586259,206;FEM
35;Centre estètic;C. de les Filipines;La Sagrera;Taichi;;No;432104,9508;4586205,162;FEM
36;Comerç de cura;Av. Meridiana;La Sagrera;Centre de dia;;No;432059,0204;4586310,1;FEM
37;(Super)mercat;Av. Meridiana;La Sagrera;Bazar;;No;432054,1359;4586323,651;FEM
38;(Super)mercat;C. de les Antilles;La Sagrera;Supermercat;;No;432073,0044;4586286,583;FEM
39;Centre estètic;C. de les Antilles;La Sagrera;Perruqueria;;No;432077,3374;4586285,953;FEM
40;Centre estètic;C. de les Antilles;La Sagrera;Ungles;;No;432102,9812;4586290,011;FEM
41;Centre estètic;C. de les Antilles;La Sagrera;Esteticien;Caràcters xinesos;No;432098,1755;4586289,223;FEM
42;(Super)mercat;C. de les Antilles;La Sagrera;Supermercat;;No;432089,1154;4586287,174;FEM
43;Parc infantil;C. de Coll;La Sagrera;Espai de joc;;No;432168,9223;4586200,119;FEM
44;Centre cultural;C. de Coll;La Sagrera;Associació;;No;432182,7093;4586199,804;FEM
45;Comerç de cura;C. de Martí Molins;La Sagrera;Herboristeria;;No;432169,8208;4586149,087;FEM
46;Comerç de cura;C. de Martí Molins;La Sagrera;Forn;;No;432208,2274;4586149,604;FEM
47;(Super)mercat;C. de Martí Molins;La Sagrera;Rostisseria;;No;432122,9944;4586148,127;FEM
48;Centre estètic;Plaça dels Jardins d'Elx;La Sagrera;Ungles;Hello nails;No;432184,9619;4586069,024;FEM
49;Comerç de cura;Plaça dels Jardins d'Elx;La Sagrera;Fisioterapia;;No;432186,2914;4586077,444;FEM
50;Comerç de cura;C. de Nobel;La Sagrera;Roba;Zalmira exemple de classe;Si;432292,0572;4586062,081;FEM
51;Espai d'art;C. Mossén Juliana;La Sagrera;Escola de comèdi;;No;432305,204;4586044,355;FEM
52;Parc infantil;C. Mossén Juliana;La Sagrera;Chiquiparc;;No;432315,8397;4586031,208;FEM
53;Espai institucional;C. Mossén Juliana;La Sagrera;Menjador social;;No;432301,0679;4586117,623;FEM
54;Element simbólic;C. Mossén Juliana;La Sagrera;Grafiti;;No;432302,8405;4586161,2;FEM
55;Centre estètic;C. de Coll;La Sagrera;Perruqueria;;No;432285,4099;4586205,958;FEM
56;(Super)mercat;C. de les Antilles;La Sagrera;Supermercat;Bonarea;No;432196,7793;4586306,258;FEM
57;Comerç de cura;C. de Jambrina;La Sagrera;Forn;;No;432180,2349;4586337,722;FEM
58;Centre estètic;C. de les Antilles;La Sagrera;Perruqueria;;No;432213,7668;4586311,872;FEM
59;Espai d'art;C. de Jambrina;La Sagrera;Taller de pintura;;No;432192,1262;4586367,192;FEM
60;Centre estètic;C. del Pegàs;La Sagrera;Perruqueria;;No;432082,2243;4586393,449;FEM
61;(Super)mercat;C. del Pegàs;La Sagrera;Fruiteria;;No;432051,2036;4586341,489;FEM
62;(Super)mercat;C. del Pegàs;La Sagrera;Supermercat;;No;432055,4136;4586345,034;FEM
63;Comerç de cura;C. del Pegàs;La Sagrera;Psicòleg infantil;;No;432053,5302;4586343,151;FEM
64;(Super)mercat;C. del Pegàs;La Sagrera;Fruiteria;;No;432066,4924;4586368,078;FEM
65;(Super)mercat;C. del Pegàs;La Sagrera;Supermercat;Hallal;No;432083,7753;4586397,769;FEM
66;Comerç de cura;C. Pacífic;La Sagrera;Farmàcia;;No;432097,8454;4586398,102;FEM
67;Comerç de cura;C. Pacífic;La Sagrera;Veterinaria;;No;432122,5512;4586393,449;FEM
68;Comerç de cura;C. del Pegàs;La Sagrera;Roba;;No;432095,8512;4586428,679;FEM
69;Centre estètic;C. del Pegàs;La Sagrera;Ungles;;No;432107,8164;4586451,723;FEM
70;Centre estètic;C. Pacífic;La Sagrera;Perruqueria;;No;432117,2334;4586414,498;FEM
71;Espai d'art;C. Pacífic;La Sagrera;Estudi de música;;No;432124,1022;4586412,726;FEM
72;Centre estètic;C. Pacífic;La Sagrera;Massatges;;No;432129,7524;4586410,51;FEM
73;Comerç de cura;C. de Portugal;La Sagrera;Farmàcia;;No;432159,2221;4586447,846;FEM
74;Centre cultural;C. Pacífic;La Sagrera;Llibreria;;No;432233,7826;4586378,049;FEM
75;Comerç de cura;C. de Torreolla de Montgrí;La Sagrera;Coses de casa;;No;432072,5303;4586453,607;FEM
76;Centre estètic;C. de Torreolla de Montgrí;La Sagrera;Esteticien;;No;432069,4283;4586459,035;FEM
77;(Super)mercat;C. de Torreolla de Montgrí;La Sagrera;Supermercat;;No;432027,7442;4586542,043;FEM
78;Comerç de cura;C. de Torreolla de Montgrí;La Sagrera;Farmàcia;;No;431983,8721;4586634,884;FEM
79;Centre cultural;Plaça de la tolerancia;La Sagrera;;;No;431967,0323;4586626,021;FEM
80;(Super)mercat;Av. Meridiana;La Sagrera;Supermercat;Hipercor;No;431920,5012;4586565,53;FEM
81;Comerç de cura;Av. Meridiana;La Sagrera;Viatges;;No;431893,2473;4586633,776;FEM
82;Comerç de cura;Av. Meridiana;La Sagrera;Rentadores;;No;431900,1162;4586603,642;FEM
83;Comerç de cura;Av. Meridiana;La Sagrera;Farmàcia;;No;431988,5252;4586430,147;FEM
84;Centre estètic;Av. Meridiana;Sant Andreu;Ungles;;No;431967,2538;4586464,935;FEM
85;Comerç de cura;Av. Meridiana;La Sagrera;Tenda de roba;Peruana;No;431997,3882;4586399,348;FEM
86;Centre estètic;Av. Meridiana;La Sagrera;Floristeria;;No;432029,2952;4586378,077;FEM
87;Comerç de cura;Av. Meridiana;La Sagrera;Forn;Macxipa;No;432010,6828;4586376,747;FEM
88;Centre estètic;Av. Meridiana;La Sagrera;Perruqueria;;No;432006,4729;4586380,071;FEM
89;Comerç de cura;Av. Meridiana;La Sagrera;Forn;Vivari;No;431990,8517;4586415,856;FEM
90;(Super)mercat;C. de Vallés i Ribot;La Sagrera;Supermercat;Condis;No;432223,8393;4586240,644;FEM
91;Centre estètic;C. de Vallés i Ribot;La Sagrera;Perruqueria;;No;432223,6177;4586248,178;FEM
92;Comerç de cura;C. de Vallés i Ribot;La Sagrera;Dentista;;No;432225,6119;4586228,457;FEM
93;Element simbólic;C. de Coll;La Sagrera;Grafitti;;No;432241,6762;4586217,101;FEM
94;Centre estètic;C. de Coll;La Sagrera;Floristeria;;No;432291,3093;4586217,988;FEM
95;Comerç de cura;C. de Coll;La Sagrera;Roba;;No;432293,3589;4586217,766;FEM
96;Col·legi/Centre formatiu;C. de Coll;La Sagrera;Repàs;;No;432298,6768;4586218,265;FEM
97;Comerç de cura;C. de Cortit;La Sagrera;Roba;;No;432299,3138;4586282,605;FEM
98;Comerç de cura;C. de Cortit;La Sagrera;Psicologia;;No;432310,3926;4586254,465;FEM
99;Centre estètic;C. de Cortit;La Sagrera;Perruqueria;;No;432307,4013;4586331,241;FEM
100;Centre estètic;C. de Cortit;La Sagrera;Joyeria;;No;432308,2876;4586320,162;FEM
101;Centre estètic;C. de Cortit;La Sagrera;Esteticien;;No;432308,2876;4586307,976;FEM
102;Espai d'art;C. de Monlau;La Sagrera;Clown;Es també sentre educatiu?;Si;432341,7457;4586319,387;FEM
103;Centre estètic;C. de Monlau;La Sagrera;Joyeria;;No;432342,078;4586325,258;FEM
104;Comerç de cura;C. Pacífic;La Sagrera;Ortopèdia;;No;432370,4398;4586327,031;FEM
105;Espai d'art;C. de Coll;La Sagrera;Escola de música;També es escola;No;432358,1423;4586217,572;FEM
106;Comerç de cura;C. de Palència;La Sagrera;Farmàcia;;No;432358,3639;4585532,569;FEM
107;Comerç de cura;C. de Palència;La Sagrera;Centre mèdic;;No;432337,7573;4585509,303;FEM
108;Espai institucional;C. de Felip II;La Sagrera;Residència;;No;432279,2611;4585535,893;FEM
109;(Super)mercat;C. de Felip II;La Sagrera;Fruiteria;;No;432255,3309;4585562,814;FEM
110;Espai d'art;C. de Josep Estivill;La Sagrera;Dança;;No;432305,5179;4585617,987;FEM
111;Col·legi/Centre formatiu;C. de Josep Estivill;La Sagrera;Patinatge;Cas interessant de gènere neutre;Si;432295,2146;4585660,862;FEM
112;Comerç de cura;C. de Felip II;La Sagrera;Farmàcia;;No;432175,231;4585645,573;FEM
113;Centre estètic;C. de Felip II;La Sagrera;Esteticien;;No;432165,9248;4585652,22;FEM
114;Centre estètic;C. de Felip II;La Sagrera;Esteticien;;No;432158,2804;4585660,031;FEM
115;Col·legi/Centre formatiu;C. de Felip II;La Sagrera;Formació professional;;No;432109,9213;4585717,197;FEM
116;Centre estètic;C. de Felip II;La Sagrera;Esteticien;Frances (Bonjour Madame);No;432115,9039;4585706,894;FEM
117;Col·legi/Centre formatiu;Av. Meridiana;La Sagrera;Centre formatiu;;No;432086,6558;4585756,749;FEM
118;Comerç de cura;Av. Meridiana;La Sagrera;Forn;;No;432086,4896;4585739,881;FEM
119;(Super)mercat;C. Felip II;La Sagrera;Supermercat;turc;No;432098,621;4585724,925;FEM
120;(Super)mercat;C. de Sant Antoni Maria Claret;La Sagrera;Supermercat;;No;432133,543;4585820,742;FEM
121;Espai institucional;C. d'Hondures;La Sagrera;AMB oficines;;No;432195,1336;4585772,094;FEM
122;(Super)mercat;C. d'Hondures;La Sagrera;Supermercat;Condis;No;432233,5161;4585736,836;FEM
123;Comerç de cura;C. de la Ciutat d'Elx;La Sagrera;Mobles de casa;;No;432287,2963;4585746,878;FEM
124;Comerç de cura;C. de la Ciutat d'Elx;La Sagrera;Farmàcia;;No;432308,2728;4585798,873;FEM
125;(Super)mercat;C. de la industria;La Sagrera;Rostisseria;;No;432310,2812;4585816,279;FEM
126;Comerç de cura;C. de la Ciutat d'Elx;La Sagrera;Veterinaria;;No;432314,5212;4585752,456;FEM
127;Centre cultural;C. de la Ciutat d'Elx;La Sagrera;Llibreria;;No;432323,2242;4585772,54;FEM
128;(Super)mercat;C. gran de la Sagrera;La Sagrera;Supermercat;;No;432444,0622;4585753,126;FEM
129;(Super)mercat;C. gran de la Sagrera;La Sagrera;Supermercat;;No;432456,5589;4585792,959;FEM
130;Col·legi/Centre formatiu;C. gran de la Sagrera;La Sagrera;Escola d'idiomes;;No;432449,6411;4585873,629;FEM
131;Comerç de cura;C. de Garcilaso;La Sagrera;CAP;;No;432382,6948;4585966,015;FEM
132;(Super)mercat;C. de la Ciutat d'Elx;La Sagrera;Supermercat;Bonpreu;No;432363,9498;4585904,425;FEM
133;Centre estètic;C. de Costa Rica;La Sagrera;Perruqueria;;No;432301,6898;4585895,275;FEM
134;(Super)mercat;C. de Garcilaso;La Sagrera;Supermercat;Armènia;No;432303,2519;4585978,289;FEM
135;(Super)mercat;C. de Sant Antoni Maria Claret;La Sagrera;Supermercat;;No;432213,9901;4585940,129;FEM
136;Comerç de cura;C. de la industria;La Sagrera;Mobles de casa;;No;432234,074;4585784,814;FEM
137;(Super)mercat;C. d'Hondures;La Sagrera;Fruiteria;;No;432204,8408;4585802,443;FEM
138;Espai institucional;C. d'Hondures;La Sagrera;Correo;;No;432211,5354;4585797,757;FEM
139;Col·legi/Centre formatiu;C. de Sant Antoni Maria Claret;La Sagrera;Acadèmia d'idiomes;;No;432177,616;4585862,248;FEM
140;Centre estètic;C. de Sant Antoni Maria Claret;La Sagrera;Perruqueria;;No;432172,7066;4585846,851;FEM
141;Comerç de cura;C. de Garcilaso;La Sagrera;Farmàcia;;No;432228,1604;4586037,982;FEM
142;Comerç de cura;C. de Garcilaso;La Sagrera;Veterinaria;;No;432257,1705;4586033,296;FEM
143;Centre estètic;C. de Vallés i Ribot;La Sagrera;Esteticien;;No;432212,3165;4586057,843;FEM
144;Comerç de cura;C. de Vallés i Ribot;La Sagrera;Lavadora;;No;432211,4239;4586087,969;FEM
145;Centre estètic;C. de Martí Molins;La Sagrera;Herboristeria;;No;432187,1;4586135,724;FEM
146;Centre cultural;C. de les Filipines;La Sagrera;Esplai;;No;432130,7536;4586101,581;FEM
147;(Super)mercat;C. de Costa Rica;La Sagrera;Fruiteria;;No;432162,6646;4585880,435;FEM
148;(Super)mercat;C. de Costa Rica;La Sagrera;Supermercat;;No;432185,6495;4585902,974;FEM
149;Centre estètic;C. d'Hondures;La Sagrera;Floristeria;;No;432139,345;4585870,672;FEM
150;Centre cultural;C. d'Hondures;La Sagrera;Llibreria;;No;432132,9293;4585871,342;FEM
151;Col·legi/Centre formatiu;C. d'Hondures;La Sagrera;Formació;;No;432150,168;4585872,569;FEM
152;Centre estètic;C. d'Hondures;La Sagrera;Fisioterapia;;No;432125,8442;4585880,993;FEM
153;Centre estètic;Passatge de coello;La Sagrera;Esteticien;;No;432128,2989;4585900,185;FEM
154;(Super)mercat;Passatge de coello;La Sagrera;Supermercat;;No;432137,6714;4585927,409;FEM
155;Col·legi/Centre formatiu;Passatge de coello;La Sagrera;Guarderia;;No;432135,2167;4585925,401;FEM
156;Comerç de cura;C. de Sant Antoni Maria Claret;La Sagrera;Farmàcia;;No;432092,5942;4585817,618;FEM
157;Comerç de cura;C. de Sant Antoni Maria Claret;Congrés els indians;Rentadores;;No;432115,8022;4585837,478;FEM
158;Col·legi/Centre formatiu;C. de Sant Antoni Maria Claret;La Sagrera;Centre formatiu;;No;432105,314;4585826,767;FEM
159;Centre estètic;C. de Sant Antoni Maria Claret;La Sagrera;Perruqueria;;No;432096,3878;4585821,857;FEM
160;(Super)mercat;C. de Berenguer de Palou;La Sagrera;Supermercat;Consum;No;432492,933;4586020,353;FEM
161;Espai institucional;C. de Berenguer de Palou;La Sagrera;Casal;;No;432490,9246;4586117,425;FEM
162;Comerç de cura;C. gran de la Sagrera;La Sagrera;Roba;;No;432398,8735;4586013,659;FEM
163;Centre cultural;C. gran de la Sagrera;La Sagrera;;;No;432399,2082;4586035,081;FEM
164;Centre cultural;C. gran de la Sagrera;La Sagrera;Música;;No;432398,5388;4586044,621;FEM
165;Comerç de cura;C. gran de la Sagrera;La Sagrera;Rentadores;;No;432398,5388;4586055,333;FEM
166;Comerç de cura;C. gran de la Sagrera;La Sagrera;Optica;;No;432398,0367;4586109,224;FEM
167;Centre estètic;C. gran de la Sagrera;La Sagrera;Perruqueria;;No;432395,0241;4586120,773;FEM
168;(Super)mercat;C. gran de la Sagrera;La Sagrera;Rostisseria;;No;432418,2879;4586123,953;FEM
169;Centre cultural;C. gran de la Sagrera;La Sagrera;Llibreria;;No;432416,2795;4586113,241;FEM
170;Centre estètic;C. gran de la Sagrera;La Sagrera;Floristeria;;No;432418,2879;4586105,208;FEM
171;Comerç de cura;C. gran de la Sagrera;La Sagrera;Tintoreria;;No;432418,4553;4586098,848;FEM
172;Comerç de cura;C. de Berenguer de Palou;La Sagrera;Farmàcia;;No;432451,9284;4586123,283;FEM
173;Col·legi/Centre formatiu;C. de Berenguer de Palou;La Sagrera;Guarderia;;No;432452,5979;4586108,89;FEM
174;Element simbólic;C. Ferran Turné;La Sagrera;Grafiti;;No;432546,1288;4586202,899;FEM
175;Element simbólic;C. Ferran Turné;La Sagrera;Grafiti;;No;432552,7561;4586200,533;FEM
176;Element simbólic;C. Ferran Turné;La Sagrera;Enganxina;;No;432547,3122;4586195,089;FEM
177;Element simbólic;C. Ferran Turné;La Sagrera;Enganxina;;No;432552,9928;4586190,828;FEM
178;Element simbólic;C. Ferran Turné;La Sagrera;Grafiti;;No;432570,7446;4586195,799;FEM
179;Element simbólic;C. Ferran Turné;La Sagrera;Grafiti;;No;432543,9986;4586187,041;FEM
180;Centre cultural;C. Clara Zetkin;La Sagrera;Llibreria;;No;432440,3279;4586141,597;FEM
181;Comerç de cura;C. gran de la Sagrera;La Sagrera;Farmàcia;;No;432417,8423;4586147,987;FEM
182;(Super)mercat;C. gran de la Sagrera;La Sagrera;Supermercat;;No;432394,1732;4586152,721;FEM
183;Comerç de cura;C. gran de la Sagrera;La Sagrera;Dentista;;No;432417,1322;4586155,561;FEM
184;Comerç de cura;C. gran de la Sagrera;La Sagrera;Farmàcia;;No;432414,4103;4586254,853;FEM
185;Centre estètic;C. gran de la Sagrera;La Sagrera;Perruqueria;;No;432414,647;4586239,468;FEM
186;Comerç de cura;C. gran de la Sagrera;La Sagrera;Dentista;;No;432415,5937;4586301,363;FEM
187;(Super)mercat;C. gran de la Sagrera;La Sagrera;Supermercat;Caprabo;No;432413,9369;4586291,659;FEM
188;Comerç de cura;C. gran de la Sagrera;La Sagrera;Forn;;No;432412,7534;4586281,481;FEM
189;Centre cultural;C. gran de la Sagrera;La Sagrera;Llibreria;;No;432415,8304;4586266,569;FEM
190;Centre estètic;C. gran de la Sagrera;La Sagrera;Esteticien;;No;432413,5819;4586327,517;FEM
191;Comerç de cura;C. gran de la Sagrera;La Sagrera;Veterinaria;;No;432411,3333;4586342,074;FEM
192;Comerç de cura;C. de Berenguer de Palou;La Sagrera;Podologia;;No;432442,9315;4586364,441;FEM
193;(Super)mercat;C. gran de la Sagrera;La Sagrera;Fruiteria;;No;432412,8718;4586382,666;FEM
194;(Super)mercat;C. de Portugal;La Sagrera;Supermercat;;No;432363,7584;4586365,743;FEM
195;Comerç de cura;C. de Berenguer de Palou;La Sagrera;Forn;;No;432439,7362;4586502,313;FEM
196;(Super)mercat;C. gran de la Sagrera;La Sagrera;Supermercat;Suma;No;432408,0196;4586487,165;FEM
197;(Super)mercat;C. gran de la Sagrera;La Sagrera;Supermercat;;No;432407,5462;4586498,526;FEM
198;Centre cultural;C. de Berenguer de Palou;La Sagrera;Associació;;No;432441,6297;4586479,591;FEM
199;Centre cultural;C. gran de la Sagrera;La Sagrera;Centre cultural;;No;432385,0606;4586384,205;FEM
200;Espai institucional;C. gran de la Sagrera;La Sagrera;CAS;;No;432379,6167;4586505,154;FEM
201;Comerç de cura;C. Ferran Turné;La Sagrera;Pastisseria;;No;432500,0924;4586258,285;FEM
202;(Super)mercat;C. de Berenguer de Palou;La Sagrera;Supermercat;;No;432473,583;4586281,954;FEM
203;(Super)mercat;C. de Berenguer de Palou;La Sagrera;Supermercat;;No;432473,3463;4586321,482;FEM
204;Centre estètic;C. de Berenguer de Palou;La Sagrera;Esteticien;;No;432474,2931;4586294,499;FEM
205;Comerç de cura;C. de Pere Terré i Domenech;La Sagrera;Dentista;;No;432513,1104;4586307,754;FEM
206;Col·legi/Centre formatiu;C. del camp de ferro;La Sagrera;Escacs;;No;432573,7033;4586357,932;FEM
207;Comerç de cura;C. de Berenguer de Palou;La Sagrera;Rentadores;;No;432469,796;4586352,962;FEM
208;Espai institucional;C. de Berenguer de Palou;La Sagrera;Residencia;;No;432469,796;4586399,826;FEM
209;Centre estètic;Av. Meridiana;La Sagrera;Perruqueria;;No;432016,0595;4585831,531;FEM
210;Col·legi/Centre formatiu;Av. Meridiana;La Sagrera;Centre formatiu;;No;432008,2487;4585845,023;FEM
211;Col·legi/Centre formatiu;Av. Meridiana;La Sagrera;Acadèmia;;No;432013,9293;4585900,882;FEM
212;Comerç de cura;Av. Meridiana;La Sagrera;Farmàcia;;No;432023,8703;4585937,332;FEM
213;Comerç de cura;Av. Meridiana;La Sagrera;Mobles de casa;;No;432030,971;4585974,256;FEM
214;Comerç de cura;C. de Garcilaso;La Sagrera;Mobles de casa;;No;432008,2487;4585988,931;FEM
215;Espai institucional;C. de Juan de Garay;La Sagrera;Espai Jove;;No;431970,6149;4585988,694;FEM
216;Comerç de cura;C. de Juan de Garay;La Sagrera;Dentista;;No;431966,3544;4585961,711;FEM
217;Comerç de cura;C. de Juan de Garay;La Sagrera;Herboristeria;;No;431965,4077;4585952,717;FEM
218;(Super)mercat;C. de Juan de Garay;La Sagrera;Mercat;;No;431935,8213;4585926,918;FEM
219;Comerç de cura;C. de Juan de Garay;La Sagrera;Viatges;;No;431940,3184;4585915,793;FEM
220;Centre estètic;C. de Felip II;La Sagrera;Perruqueria;;No;431922,3299;4585902,065;FEM
221;Comerç de cura;C. d'Olesa;La Sagrera;Dentista;;No;431889,6666;4586002,896;FEM
222;Comerç de cura;C. d'Olesa;La Sagrera;Forn;;No;431905,7615;4586026,565;FEM
223;Espai institucional;C. d'Olesa;La Sagrera;Casal;;No;431877,5953;4585987,984;FEM
224;Centre estètic;C. de Felip II;La Sagrera;Esteticien;;No;431840,4349;4585989,641;FEM
225;(Super)mercat;C. de Concepción Arenal;La Sagrera;Supermercat;;No;431818,896;4586018,281;FEM
226;Centre estètic;C. de Concepción Arenal;La Sagrera;Esteticien;;No;431821,0262;4586039,346;FEM
227;Comerç de cura;Av. Meridiana;La Sagrera;Veterinaria;;No;432017,953;4586116,507;FEM
228;(Super)mercat;Av. Meridiana;La Sagrera;Fruiteria;;No;432025,5271;4586113,194;FEM
229;Comerç de cura;Av. Meridiana;La Sagrera;Forn;;No;432014,166;4586126,448;FEM
230;Col·legi/Centre formatiu;Av. Meridiana;La Sagrera;Formació professional;;No;432012,5091;4586180,651;FEM
231;(Super)mercat;C. d'Olesa;La Sagrera;Supermercat;;No;431935,8805;4586090,886;FEM
232;Centre estètic;C. d'Olesa;La Sagrera;Esteticien;;No;431937,6556;4586099,051;FEM
233;(Super)mercat;C. d'Olesa;La Sagrera;Fruiteria;;No;431940,6143;4586125,679;FEM
234;Espai d'art;C. de Garcilaso;La Sagrera;Dança;;No;431853,0386;4586056,092;FEM
235;(Super)mercat;C. de Concepción Arenal;La Sagrera;Fruiteria;;No;431826,2926;4586062,483;FEM
236;Comerç de cura;C. de Concepción Arenal;La Sagrera;Dentista;;No;431825,8192;4586082,365;FEM
237;(Super)mercat;C. de Concepción Arenal;La Sagrera;Supermercat;;No;431831,4998;4586126,389;FEM
238;(Super)mercat;C. de Concepción Arenal;La Sagrera;Fruiteria;;No;431841,6775;4586134,673;FEM
239;Comerç de cura;C. de Cienfuegos;La Sagrera;Roba;;No;431861,3228;4586138,697;FEM
240;(Super)mercat;C. de Cienfuegos;La Sagrera;Carniceria;Hallal;No;431870,5538;4586159,289;FEM
241;Comerç de cura;C. d'Olesa;La Sagrera;Òptica;;No;431952,6855;4586161,893;FEM
242;(Super)mercat;C. d'Olesa;La Sagrera;Supermercat;;No;431955,2891;4586171,124;FEM
243;Comerç de cura;C. d'Olesa;La Sagrera;Farmàcia;;No;431957,3602;4586180,651;FEM
244;Comerç de cura;C. d'Olesa;La Sagrera;Veterinaria;;No;431963,9283;4586207,692;FEM
245;Comerç de cura;C. d'Olesa;La Sagrera;Mobles de casa;;No;431993,3964;4586208,521;FEM
246;(Super)mercat;C. d'Olesa;La Sagrera;Supermercat;;No;431972,9226;4586251,48;FEM
247;Centre cultural;Av. Meridiana;La Sagrera;Casa de granada;;No;431968,3071;4586269,114;FEM
248;Comerç de cura;Av. Meridiana;La Sagrera;Roba;;No;432019,314;4586360,595;FEM
249;Comerç de cura;Av. Meridiana;La Sagrera;Carniceria;Hallal;No;432010,4381;4586371,838;FEM
250;Comerç de cura;Av. Meridiana;La Sagrera;Hospital privat;;No;431950,0819;4586354,086;FEM
251;Centre estètic;Av. Meridiana;La Sagrera;Esteticien;;No;431962,8632;4586331,837;FEM
252;(Super)mercat;C. Cardenal Tedeschini;La Sagrera;Supermercat;Latino;Si;431939,1941;4586298,463;FEM
253;(Super)mercat;Av. Meridiana;La Sagrera;Supermercat;;No;431916,8268;4586423,081;FEM
254;(Super)mercat;C. de Concepción Arenal;La Sagrera;Supermercat;;No;431853,8671;4586531,959;FEM
255;Comerç de cura;Av. Meridiana;La Sagrera;Mobles de casa;;No;431876,116;4586506,396;FEM
256;Espai institucional;C. de Emilia Pardo bazán;La Sagrera;Centre del poble gitano;Gitano;No;431894,2229;4586251,362;FEM
257;Centre estètic;C. de Emilia Pardo bazán;La Sagrera;Perruqueria;;No;431894,5187;4586245,977;FEM
258;Centre estètic;C. de Emilia Pardo bazán;La Sagrera;Perruqueria;;No;431895,4655;4586259,232;FEM
259;Centre estètic;C. de Emilia Pardo bazán;La Sagrera;Perruqueria;Dominicano;No;431896,7673;4586288,463;FEM
260;Centre estètic;C. de Emilia Pardo bazán;La Sagrera;Perruqueria;;No;431898,7792;4586276,984;FEM
261;Centre estètic;C. de Emilia Pardo bazán;La Sagrera;Perruqueria;;No;431896,6489;4586271,54;FEM
262;Centre estètic;C. Cardenal Tedeschini;La Sagrera;Floristeria;;No;431915,5842;4586321,718;FEM
263;Comerç de cura;C. Cardenal Tedeschini;La Sagrera;Roba;;No;431922,0932;4586321,837;FEM
264;Comerç de cura;C. Cardenal Tedeschini;La Sagrera;Roba;;No;431874,5183;4586292,96;FEM
265;Centre estètic;C. Cardenal Tedeschini;La Sagrera;Floristeria;;No;431869,6662;4586295,682;FEM
266;Comerç de cura;C. Cardenal Tedeschini;La Sagrera;Farmàcia;;No;431854,0446;4586292,132;FEM
267;Centre estètic;C. de Concepción Arenal;La Sagrera;Ungles;;No;431845,9971;4586286,925;FEM
268;(Super)mercat;C. de Concepción Arenal;La Sagrera;Supermercat;Latino;No;431848,4823;4586289,647;FEM
269;(Super)mercat;C. de Concepción Arenal;La Sagrera;Supermercat;;No;431843,3935;4586246,924;FEM
270;Comerç de cura;C. de Concepción Arenal;La Sagrera;Rentadores;;No;431843,0385;4586255,8;FEM
271;Centre estètic;C. de Concepción Arenal;La Sagrera;Perruqueria;;No;431841,855;4586220,77;FEM
272;(Super)mercat;C. de Concepción Arenal;Congrés els indians;Supermercat;;No;431800,7924;4586117,536;FEM
273;Comerç de cura;C. de Concepción Arenal;Congrés els indians;Mobles de casa;;No;431803,3674;4586133,501;FEM
274;(Super)mercat;C. de Concepción Arenal;Congrés els indians;Supermercat;;No;431815,4702;4586204,573;FEM
275;Centre estètic;C. de Cienfuegos;Congrés els indians;Esteticien;;No;431733,8407;4586188,35;FEM
276;(Super)mercat;C. de Felip II;Congrés els indians;Supermercat;;No;431683,8844;4586154,102;FEM
277;Comerç de cura;C. de Cienfuegos;Congrés els indians;Drogueria;;No;431691,6096;4586162,342;FEM
278;(Super)mercat;C. de Cienfuegos;Congrés els indians;Supermercat;;No;431710,6651;4586161,312;FEM
279;Centre estètic;C. de Felip Bertran i Güell;Congrés els indians;Esteticien;;No;431673,7129;4586220,538;FEM
280;Espai d'art;C. de Felip II;Congrés els indians;Dança;;No;431568,1352;4586271,138;FEM
281;(Super)mercat;C. de Felip II;Congrés els indians;Fruiteria;;No;431586,6757;4586250,795;FEM
282;(Super)mercat;C. de Felip II;Congrés els indians;Supermercat;Condis;No;431556,8049;4586284,014;FEM
283;Centre estètic;C. de Felip II;Congrés els indians;Ungles;;No;431582,298;4586256,976;FEM
284;Espai institucional;C. del Cep;Congrés els indians;CDIAP;;No;431601,8685;4586306,932;FEM
285;Espai institucional;C. del Cep;Congrés els indians;Residència;;No;431646,1597;4586306,674;FEM
286;(Super)mercat;C. Cardenal Tedeschini;Congrés els indians;Supermercat;;No;431656,7174;4586320,837;FEM
287;(Super)mercat;C. Cardenal Tedeschini;Congrés els indians;Fruiteria;;No;431624,0141;4586352,768;FEM
288;Col·legi/Centre formatiu;Plaça del Congrés Eucarístic;Congrés els indians;Acadèmia;;No;431607,2762;4586347,618;FEM
289;Centre estètic;Plaça del Congrés Eucarístic;Congrés els indians;Perruqueria;;No;431591,8258;4586331,91;FEM
290;Centre estètic;Plaça del Congrés Eucarístic;Congrés els indians;Massatges;;No;431581,5255;4586322,64;FEM
291;Comerç de cura;Plaça del Congrés Eucarístic;Congrés els indians;Roba;;No;431585,9031;4586326,245;FEM
292;Comerç de cura;Plaça del Congrés Eucarístic;Congrés els indians;Roba;;No;431538,2644;4586368,476;FEM
293;Comerç de cura;Plaça del Congrés Eucarístic;Congrés els indians;Farmàcia;;No;431511,2262;4586344,785;FEM
294;(Super)mercat;C. de Felip II;Congrés els indians;Supermercat;Dia;No;431490,6257;4586351,223;FEM
295;Espai institucional;C. Cardenal Tedeschini;Congrés els indians;Espai comunitari;;No;431517,1489;4586461,693;FEM
296;(Super)mercat;C. Cardenal Tedeschini;Congrés els indians;Fruiteria;;No;431491,1407;4586533,795;FEM
297;Centre cultural;C. Pardo;Congrés els indians;Llibreria;;No;431696,1159;4586382,381;FEM
298;Comerç de cura;C. Pardo;Congrés els indians;Centre mèdic;;No;431697,146;4586407,359;FEM
299;Comerç de cura;C. Pardo;Congrés els indians;Farmàcia;;No;431699,721;4586368,733;FEM
300;Centre cultural;C. Pardo;Congrés els indians;Esplai;;No;431669,0778;4586402,724;FEM
301;Comerç de cura;C. Pardo;Congrés els indians;Centre mèdic;;No;431672,9404;4586454,483;FEM
302;Espai institucional;C. de Riera d'Horta;Congrés els indians;Ateneu;;No;431737,0595;4586537,658;FEM
303;Comerç de cura;C. de Concepción Arenal;Congrés els indians;Centre mèdic;;No;431818,1741;4586436,2;FEM
304;Centre cultural;C. de Concepción Arenal;Congrés els indians;Guarderia;;No;431818,6891;4586372,596;FEM
305;Col·legi/Centre formatiu;C. Cardenal Tedeschini;Congrés els indians;Guarderia;;No;431800,4061;4586323,412;FEM
306;Centre cultural;C. de Can Ros;Congrés els indians;Centre cultural;Can Ros;No;431732,6819;4586374,914;FEM
307;Centre estètic;C. de Concepción Arenal;Congrés els indians;Perruqueria;;No;431817,4015;4586237,92;FEM
308;Centre estètic;C. de Felip II;Congrés els indians;Perruqueria;;No;431271,7451;4586530,705;FEM
309;Comerç de cura;C. de Felip II;Congrés els indians;Roba;;No;431275,6077;4586574,224;FEM
310;Espai institucional;C. de Felip II;Congrés els indians;Centre cívic;;No;431352,6022;4586546,67;FEM
311;Comerç de cura;C. de Felip II;Congrés els indians;Farmàcia;;No;431342,3019;4586562,121;FEM
312;(Super)mercat;C. de Felip II;Congrés els indians;Supermercat;;No;431294,6632;4586505,212;FEM
313;Centre estètic;C. de Felip II;Congrés els indians;Esteticien;;No;431352,6022;4586445,47;FEM
314;Espai institucional;Pas de Sant Tarsici;Congrés els indians;Serveis socials;;No;431370,3702;4586398,604;FEM
315;Espai institucional;C. d'Alexandre Galí;Congrés els indians;Espai comunitari;Càritas;No;431384,018;4586375,171;FEM
316;(Super)mercat;C. de Felip II;Congrés els indians;Drogueria;;No;431407,1936;4586356,888;FEM
317;Col·legi/Centre formatiu;C. de Felip II;Congrés els indians;Guarderia;;No;431412,3437;4586355,343;FEM
318;Comerç de cura;C. de Felip II;Congrés els indians;Ortopèdia;;No;431425,219;4586339,12;FEM
319;Comerç de cura;C. de Felip II;Congrés els indians;Roba;;No;431448,1371;4586346,073;FEM
320;Centre estètic;C. de Felip II;Congrés els indians;Ungles;;No;431454,5748;4586340,15;FEM
321;Comerç de cura;C. de Felip II;Congrés els indians;Veterinaria;;No;431475,9478;4586317,49;FEM
322;Comerç de cura;Plaça del Dr. Modrego;Congrés els indians;Veterinaria;;No;431461,5275;4586297,662;FEM
323;Centre estètic;C. d'Alexandre Galí;Congrés els indians;Perruqueria;;No;431451,9997;4586304,872;FEM
324;Centre estètic;C. de Felip II;Congrés els indians;Perruqueria;'Salon de belleza Loudy' com exemple de clase>gènere;No;431539,552;4586252,34;FEM
325;(Super)mercat;C. de Felip II;Congrés els indians;Merceria;;No;431552,1698;4586239,98;FEM
326;Centre estètic;C. de Felip II;Congrés els indians;Perruqueria;;No;431555,7749;4586235,602;FEM
327;Espai d'art;C. d'Alexandre Galí;Congrés els indians;Escola d'art;;No;431486,7631;4586245,388;FEM
328;Espai institucional;C. de la Manigua;Congrés els indians;Residencia;;No;431472,6003;4586245,13;FEM
329;Comerç de cura;C. de la Manigua;Congrés els indians;Dentista;;No;431458,1799;4586147,535;FEM
330;Espai institucional;C. de la Manigua;Congrés els indians;Casal;;No;431430,8842;4586148,823;FEM
331;Col·legi/Centre formatiu;C. de Garcilaso;Congrés els indians;Guarderia;;No;431419,5539;4586119,467;FEM
332;Col·legi/Centre formatiu;C. de la Manigua;Congrés els indians;Col·legi;;No;431434,4893;4586193,629;FEM
333;Col·legi/Centre formatiu;Passatge de Salvador Riera;Congrés els indians;Institut;;No;431374,2327;4586220,152;FEM
334;Centre estètic;C. de la Manigua;Congrés els indians;Perruqueria;;No;431445,8196;4586246,933;FEM
335;Espai institucional;C. de la Manigua;Congrés els indians;CDIAP;;No;431443,7595;4586231,482;FEM
336;Centre estètic;C. de la Manigua;Congrés els indians;Perruqueria;;No;431468,7377;4586220,667;FEM
337;Centre estètic;C. de la Manigua;Congrés els indians;Perruqueria;;No;431475,9478;4586250,023;FEM
338;(Super)mercat;C. d'Alexandre Galí;Congrés els indians;Supermercat;;No;431475,9478;4586257,233;FEM
339;(Super)mercat;C. d'Alexandre Galí;Congrés els indians;Fruiteria;;No;431459,2099;4586272,683;FEM
340;(Super)mercat;C. d'Alexandre Galí;Congrés els indians;Supermercat;;No;431451,2272;4586280,151;FEM
341;Centre cultural;C. de la Manigua;Congrés els indians;Fundació;;No;431444,2745;4586236,375;FEM
342;Centre estètic;Passatge de l'Ordi;Congrés els indians;Fisioterapia;;No;431395,8633;4586261,611;FEM
343;Espai d'art;Passatge de l'Ordi;Congrés els indians;Dança;;No;431382,2155;4586260,838;FEM
344;Col·legi/Centre formatiu;C. de les Acàcies;Congrés els indians;Guarderia;;No;431324,7271;4586169,101;FEM
345;Centre cultural;C. de les Acàcies;Congrés els indians;Esplai;;No;431324,0833;4586185,324;FEM
346;Centre estètic;C. de Ramon Albó;Congrés els indians;Osteopatia;;No;431271,2945;4586217,513;FEM
347;(Super)mercat;C. de Ramon Albó;Congrés els indians;Drogueria;;No;431272,3245;4586231,933;FEM
348;Centre estètic;C. de Ramon Albó;Congrés els indians;Esteticien;;No;431272,582;4586239,401;FEM
349;(Super)mercat;C. de Ramon Albó;Congrés els indians;Supermercat;;No;431272,8395;4586300,43;FEM
350;(Super)mercat;C. de Ramon Albó;Congrés els indians;Supermercat;;No;431272,582;4586292,19;FEM
351;Espai d'art;C. de Ramon Albó;Congrés els indians;Escola d'art;;No;431269,7495;4586273,649;FEM
352;Comerç de cura;C. de les Acàcies;Congrés els indians;Farmàcia;;No;431315,3281;4586356,309;FEM
353;Centre estètic;C. de Ramon Albó;Congrés els indians;Fisioterapia;;No;431270,2645;4586348,326;FEM
354;Centre estètic;C. de Ramon Albó;Congrés els indians;Dietètica;;No;431268,9769;4586383,604;FEM
355;Centre estètic;C. de Ramon Albó;Congrés els indians;Esteticien;;No;431269,2345;4586434,591;FEM
356;Centre estètic;C. de Ramon Albó;Congrés els indians;Ungles;;No;431267,4319;4586454,934;FEM
357;Espai d'art;C. de Ramon Albó;Congrés els indians;Ceràmica;;No;431240,5225;4586280,215;FEM
358;Centre estètic;Passeig Maragall;Congrés els indians;Joyeria;;No;431188,5061;4586302,876;FEM
359;(Super)mercat;Passeig Maragall;Congrés els indians;Supermercat;;No;431191,8537;4586295,666;FEM
360;Centre estètic;Passeig Maragall;Congrés els indians;Estudi fotogràfic;Fotoprix;Si;431199,5789;4586280,473;FEM
361;Comerç de cura;Passeig Maragall;Congrés els indians;Farmàcia;;No;431211,4242;4586252,662;FEM
362;Centre cultural;Passeig Maragall;Congrés els indians;Llibreria;;No;431218,6344;4586241,847;FEM
363;Comerç de cura;Passeig Maragall;Congrés els indians;Joguines;;No;431214,2568;4586247,512;FEM
364;Centre estètic;Passeig Maragall;Congrés els indians;Floristeria;;No;431241,295;4586211,461;FEM
365;(Super)mercat;C. de les Acàcies;Congrés els indians;Supermercat;Bonarea;No;431343,3963;4586077,429;FEM
366;(Super)mercat;C. de les Acàcies;Congrés els indians;Supermercat;;No;431345,3276;4586065,97;FEM
367;(Super)mercat;C. de Garcilaso;Congrés els indians;Fruiteria;;No;431341,9801;4586113,609;FEM
368;(Super)mercat;C. de Garcilaso;Congrés els indians;Supermercat;;No;431404,8117;4586104,081;FEM
369;Espai institucional;C. de Garcilaso;Congrés els indians;Casal;;No;431416,3994;4586103,566;FEM
370;Espai institucional;C. de la Manigua;Congrés els indians;Ecologia urbana;;No;431414,0819;4586039,189;FEM
371;Comerç de cura;Passeig Maragall;Congrés els indians;Òptica;;No;431360,263;4586039,189;FEM
372;Centre estètic;Passeig Maragall;Congrés els indians;Ungles;;No;431348,9327;4586059,532;FEM
373;Centre estètic;C. de Puerto Principe;Congrés els indians;Fisioterapia;;No;431616,482;4586163,629;FEM
374;Centre estètic;C. de Puerto Principe;Congrés els indians;Perruqueria;;No;431605,7311;4586153,715;FEM
375;(Super)mercat;C. de Garcilaso;Congrés els indians;Fruiteria;;No;431653,9492;4586091,592;FEM
376;Comerç de cura;C. de Garcilaso;Congrés els indians;Forn;;No;431641,4602;4586092,364;FEM
377;Centre estètic;C. de Garcilaso;Congrés els indians;Joyeria;;No;431636,0525;4586093,781;FEM
378;(Super)mercat;C. de Garcilaso;Congrés els indians;Supermercat;cas de classe en el supermercat;Si;431620,7309;4586095,326;FEM
379;Comerç de cura;C. de Felip II;Congrés els indians;Farmàcia;;No;431689,4852;4586098,545;FEM
380;Comerç de cura;C. de Garcilaso;Congrés els indians;Drogueria;;No;431674,2923;4586088,502;FEM
385;(Super)mercat;C. de Pinar del Rio;Congrés els indians;Supermercat;;No;431758,6257;4585947,903;FEM
386;Centre estètic;C. de Concepción Arenal;Congrés els indians;Massatges;;No;431792,6165;4585930,135;FEM
387;(Super)mercat;C. de Jordi de Sant Jordi;Congrés els indians;Supermercat;Latino;No;431732,1669;4585969,727;FEM
388;Espai institucional;C. de Pinar del Rio;Congrés els indians;Residència;;No;431755,2137;4585963,547;FEM
389;Comerç de cura;C. de Jordi de Sant Jordi;Congrés els indians;Centre mèdic;;No;431736,1582;4586003,975;FEM
390;Comerç de cura;C. de Jordi de Sant Jordi;Congrés els indians;Mobles de casa;;No;431727,1455;4586047,365;FEM
391;Comerç de cura;C. de Garcilaso;Congrés els indians;Roba;;No;431712,3389;4586060,498;FEM
392;Comerç de cura;C. de Matanzas;Congrés els indians;Coses de casa;;No;431668,0477;4586058,309;FEM
393;Comerç de cura;C. de Matanzas;Congrés els indians;Veterinaria;;No;431666,5027;4586037,065;FEM
394;Centre estètic;C. de Matanzas;Congrés els indians;Perruqueria;;No;431664,5714;4586027,28;FEM
395;Comerç de cura;C. de Matanzas;Congrés els indians;Centre mèdic;;No;431646,4172;4586002,817;FEM
396;Espai d'art;C. de Pinar del Rio;Congrés els indians;Escola d'art;;No;431706,9312;4585956,015;FEM
397;Comerç de cura;C. de Jordi de Sant Jordi;Congrés els indians;Centre mèdic;;No;431702,8111;4585879,6;FEM
398;Col·legi/Centre formatiu;C. de Campo Florido;Congrés els indians;Guarderia;;No;431665,7302;4585872,132;FEM
399;Centre estètic;C. de Campo Florido;Congrés els indians;Esteticien;;No;431645,3872;4585873,935;FEM
400;(Super)mercat;C. d'Olesa;Congrés els indians;Supermercat;Bonpreu;No;431692,9615;4585807,884;FEM
401;Comerç de cura;C. d'Olesa;Congrés els indians;Servei de neteja;;No;431685,7513;4585799,901;FEM
402;(Super)mercat;C. d'Olesa;Congrés els indians;Fruiteria;;No;431677,5111;4585792,434;FEM
403;(Super)mercat;C. d'Olesa;Congrés els indians;Fruiteria;;No;431670,3009;4585784,193;FEM
404;Comerç de cura;C. de Biscaia;Congrés els indians;Papereria;;No;431637,5976;4585803,764;FEM
405;Col·legi/Centre formatiu;C. de Biscaia;Congrés els indians;Col·legi;;No;431627,5548;4585778,786;FEM
406;Col·legi/Centre formatiu;C. de Matanzas;Congrés els indians;Col·legi;;No;431621,6322;4585837,24;FEM
407;(Super)mercat;Plaça de Maragall;Congrés els indians;Supermercat;Condis;No;431580,4311;4585763,335;FEM
408;Comerç de cura;Plaça de Maragall;Congrés els indians;Dentista;;No;431575,796;4585768,228;FEM
409;Centre estètic;C. de Puerto Principe;Congrés els indians;Perruqueria;;No;431555,1955;4585793,979;FEM
410;Centre cultural;C. de Francesc Tàrrega;Congrés els indians;Llibreria;;No;431502,1491;4585943,848;FEM
411;Centre cultural;C. de Francesc Tàrrega;Congrés els indians;Llibreria;;No;431487,2138;4585949,77;FEM
412;Comerç de cura;C. de Francesc Tàrrega;Congrés els indians;Centre mèdic;;No;431504,7242;4585963,676;FEM
413;Comerç de cura;C. de Francesc Tàrrega;Congrés els indians;Centre mèdic;;No;431504,9817;4585969,341;FEM
414;(Super)mercat;Passeig Maragall;Congrés els indians;Rostisseria;;No;431523,0072;4585800,416;FEM
415;Comerç de cura;Passeig Maragall;Congrés els indians;Ortopèdia;;No;431518,6296;4585805,824;FEM
416;Comerç de cura;Passeig Maragall;Congrés els indians;Farmàcia;;No;431511,9344;4585818,184;FEM
417;Centre estètic;Passeig Maragall;Congrés els indians;Perruqueria;;No;431506,7843;4585824,365;FEM
418;Centre estètic;Passeig Maragall;Congrés els indians;Massatges;;No;431494,1664;4585843,42;FEM
419;(Super)mercat;Passeig Maragall;Congrés els indians;Supermercat;;No;431487,4713;4585851,145;FEM
420;Centre estètic;Passeig Maragall;Congrés els indians;Perruqueria;;No;431482,3211;4585859,9;FEM
421;Centre estètic;C. de Campo Florido;Congrés els indians;Perruqueria;;No;431488,7588;4585879,728;FEM
422;(Super)mercat;Passeig Maragall;Congrés els indians;Carniceria;Hallal;No;431477,171;4585870,201;FEM
423;Espai d'art;C. de Campo Florido;Congrés els indians;Dança;;No;431536,3975;4585891,574;FEM
424;Espai institucional;C. de Campo Florido;Congrés els indians;Serveis socials;;No;431544,6377;4585889,771;FEM
425;Comerç de cura;C. de Campo Florido;Congrés els indians;Psicòleg infantil;;No;431540,2601;4585890,544;FEM
426;Comerç de cura;C. de Francesc Tàrrega;Congrés els indians;Dentista;;No;431476,656;4585899,041;FEM
427;Espai institucional;Passeig Maragall;Congrés els indians;Espai Jove;;No;431446,2058;4585914,363;FEM
428;Espai institucional;Passeig Maragall;Congrés els indians;CAP;;No;431434,3605;4585930,843;FEM
429;(Super)mercat;C. de la Manigua;Congrés els indians;Supermercat;Dia;No;431426,8928;4585951,058;FEM
430;Centre estètic;C. de la Manigua;Congrés els indians;Perruqueria;;No;431428,1804;4585956,594;FEM
431;Comerç de cura;C. de la Manigua;Congrés els indians;Roba;;No;431427,2791;4585959,813;FEM
432;(Super)mercat;C. de la Manigua;Congrés els indians;Fruiteria;;No;431433,588;4585991,744;FEM
433;Espai d'art;C. de Pinar del Rio;Congrés els indians;Escola d'art;;No;431438,4806;4585993,546;FEM
434;Comerç de cura;C. de Pinar del Rio;Congrés els indians;Psicologia;;No;431475,8191;4585989,812;FEM
435;Comerç de cura;C. de la Manigua;Congrés els indians;Roba;;No;431437,0643;4586012,731;FEM
436;Centre estètic;C. de la Manigua;Congrés els indians;Perruqueria;;No;431437,3219;4586018,009;FEM
437;Comerç de cura;C. de la Manigua;Congrés els indians;Coses de casa;;No;431443,502;4586058,695;FEM
438;Centre estètic;Passeig Maragall;Congrés els indians;Herboristeria;;No;431391,7432;4585999,469;FEM
439;Comerç de cura;C. de Francesc Tàrrega;Congrés els indians;Centre mèdic;;No;431500,1535;4586032,044;FEM
440;Comerç de cura;C. de Francesc Tàrrega;Congrés els indians;Roba;;No;431498,7372;4586024,705;FEM
441;Centre estètic;C. de Francesc Tàrrega;Congrés els indians;Perruqueria;;No;431503,2435;4586063,717;FEM
442;(Super)mercat;C. de Garcilaso;Congrés els indians;Carniceria;;No;431495,7758;4586090,24;FEM
443;Centre estètic;C. de Garcilaso;Congrés els indians;Esteticien;;No;431477,2354;4586094,103;FEM
444;Comerç de cura;C. de Garcilaso;Congrés els indians;Farmàcia;;No;431460,755;4586096,678;FEM
445;Centre estètic;C. de la Manigua;Congrés els indians;Perruqueria;;No;431416,7213;4586067,322;FEM
446;Comerç de cura;C. de la Manigua;Congrés els indians;Forn;;No;431418,7814;4586074,532;FEM
447;(Super)mercat;C. de la Manigua;Congrés els indians;Fruiteria;;No;431454,8323;4586120,368;FEM
448;Comerç de cura;C. de Garcilaso;Congrés els indians;Merceria;;No;431472,3427;4586112,386;FEM
449;(Super)mercat;C. de Garcilaso;Congrés els indians;Supermercat;;No;431492,4283;4586110,326;FEM
450;Col·legi/Centre formatiu;C. de Garcilaso;Congrés els indians;Guarderia;;No;431463,845;4586113,931;FEM
451;Centre estètic;C. de Francesc Tàrrega;Congrés els indians;Perruqueria;;No;431524,8741;4586113,158;FEM
452;Centre estètic;C. de Francesc Tàrrega;Congrés els indians;Esteticien;;No;431510,7112;4586121,656;FEM
453;Col·legi/Centre formatiu;C. de Francesc Tàrrega;Congrés els indians;Col·legi;;No;431514,3163;4586137,621;FEM
454;Centre estètic;C. de Garcilaso;Congrés els indians;Fisioterapia;;No;431543,9296;4586109,296;FEM
455;Centre estètic;C. de Garcilaso;Congrés els indians;Ungles;;No;431555,5174;4586106,205;FEM
456;Espai institucional;C. de Francesc Tàrrega;Congrés els indians;Federació;;No;431534,6593;4586164,144;FEM
457;Comerç de cura;C. de Francesc Tàrrega;Congrés els indians;Osteopatia;;No;431536,2044;4586181,397;FEM
458;Comerç de cura;C. de Puerto Principe;Congrés els indians;Viatges;;No;431595,6884;4586067,579;FEM
459;Espai institucional;C. de Garcilaso;Congrés els indians;CDIAP;;No;431608,5637;4586065,777;FEM
460;Comerç de cura;C. de Pinar del Rio;Congrés els indians;Mobles de casa;;No;431535,4319;4585996,508;FEM
461;Espai d'art;C. de Francesc Tàrrega;Congrés els indians;Escola d'art;;No;431514,3163;4586028,953;FEM
462;Col·legi/Centre formatiu;C. de Garcilaso;Congrés els indians;Guarderia;;No;431575,0879;4586070,67;FEM
463;Comerç de cura;C. de Garcilaso;Congrés els indians;Roba;;No;431568,6502;4586073,502;FEM
464;Centre estètic;C. de Garcilaso;Congrés els indians;Esteticien;;No;431557,3199;4586075,305;FEM
465;Centre estètic;C. de Garcilaso;Congrés els indians;Herboristeria;;No;431536,7194;4586078,395;FEM
466;Comerç de cura;C. de Llinar del Vallés;El Bonpastor;Farmàcia;;No;433758,2621;4587340,68;FEM
467;(Super)mercat;C. d'Òrrius;El Bonpastor;Supermercat;;No;433735,9514;4587361,751;FEM
468;Col·legi/Centre formatiu;C. de l'Estadella;El Bonpastor;Guarderia;;No;433619,2336;4587397,076;FEM
469;Comerç de cura;C. de l'Estadella;El Bonpastor;Papereria;;No;433612,4164;4587395,217;FEM
470;(Super)mercat;C. de l'Estadella;El Bonpastor;Coses de casa;;No;433624,8112;4587410,711;FEM
471;Comerç de cura;C. de l'Estadella;El Bonpastor;Roba;;No;433608,4914;4587409,678;FEM
472;Comerç de cura;C. Cretes;El Bonpastor;Rentadores;;No;433640,0982;4587411,744;FEM
473;(Super)mercat;C. de Llinar del Vallés;El Bonpastor;Supermercat;LIDL;No;433742,3554;4587438,599;FEM
474;(Super)mercat;C. de Sant Adrià;El Bonpastor;Mercat;;No;433680,2264;4587461,013;FEM
475;Centre cultural;C. de l'Estadella;El Bonpastor;Esplai;;No;433543,9867;4587404,152;FEM
476;Centre estètic;C. de Sant Adrià;El Bonpastor;Perruqueria;;No;433474,7049;4587436,172;FEM
477;Comerç de cura;C. de Flix;El Bonpastor;Forn;;No;433482,0385;4587403,429;FEM
478;(Super)mercat;C. de l'Estadella;El Bonpastor;Supermercat;;No;433460,141;4587396,818;FEM
479;Centre estètic;C. de l'Estadella;El Bonpastor;Perruqueria;;No;433459,8311;4587383,597;FEM
480;Centre estètic;C. de la Mare Eterna;El Bonpastor;Esteticien;;No;433501,5603;4587333,398;FEM
481;(Super)mercat;C. de la Mare Eterna;El Bonpastor;Supermercat;;No;433478,6299;4587331,126;FEM
482;Centre estètic;C. del Foc Follet;El Bonpastor;Esteticien;;No;433513,3354;4587279,687;FEM
483;(Super)mercat;C. del Foc Follet;El Bonpastor;Supermercat;;No;433601,3386;4587291,256;FEM
484;Comerç de cura;Passeig d'Enric Sanchis;El Bonpastor;Farmàcia;;No;433582,3332;4587309,435;FEM
485;(Super)mercat;C. del Foc Follet;El Bonpastor;Supermercat;;No;433541,8435;4587299,932;FEM
486;Espai institucional;Passeig d'Enric Sanchis;El Bonpastor;Centre cívic;;No;433574,6897;4587321,003;FEM
487;Espai institucional;Passeig d'Enric Sanchis;El Bonpastor;Barcelona Activa;;No;433569,7318;4587324,308;FEM
488;Comerç de cura;C. de l'Estadella;El Bonpastor;Farmàcia;;No;433380,7109;4587390,827;FEM
489;Comerç de cura;C. de l'Estadella;El Bonpastor;Papereria;;No;433385,6688;4587375,953;FEM
490;Comerç de cura;C. de l'Estadella;El Bonpastor;Roba;;No;433373,6872;4587375,127;FEM
491;Comerç de cura;C. del Foc Follet;El Bonpastor;Roba;;No;433376,1661;4587280,1;FEM
492;(Super)mercat;C. de la Formiga;El Bonpastor;Supermercat;Condis;No;433328,2395;4587312,74;FEM
500;(Super)mercat;C. de Sas;El Bonpastor;Supermercat;Hallal;No;433533,2704;4587531,405;FEM
501;(Super)mercat;C. de Sas;El Bonpastor;Supermercat;BonArea;No;433518,6032;4587501,038;FEM
502;(Super)mercat;C. de Sant Adrià;El Bonpastor;Supermercat;;No;433489,682;4587484,925;FEM
503;Comerç de cura;C. de Sant Adrià;El Bonpastor;Roba;;No;433478,32;4587482,239;FEM
504;Centre cultural;C. de Sant Adrià;El Bonpastor;Associació;;No;433463,6528;4587481;FEM
505;(Super)mercat;C. d'Alfarràs;El Bonpastor;Supermercat;;No;433602,0616;4587523,968;FEM
506;Centre estètic;C. d'Alfarràs;El Bonpastor;Perruqueria;;No;433600,409;4587533,058;FEM
507;(Super)mercat;C. d'Alfarràs;El Bonpastor;Supermercat;;No;433586,7747;4587530,372;FEM
508;(Super)mercat;C. de Claramunt;El Bonpastor;Supermercat;;No;433577,4785;4587553,303;FEM
509;Centre estètic;C. d'Alfarràs;El Bonpastor;Perruqueria;;No;433579,9575;4587576,026;FEM
510;(Super)mercat;C. d'Alfarràs;El Bonpastor;Supermercat;Condis;No;433576,4456;4587596,271;FEM
511;Comerç de cura;C. de Claramunt;El Bonpastor;Rentadores;;No;433620,0341;4587560,12;FEM
512;Comerç de cura;C. de Sant Adrià;El Bonpastor;Farmàcia;;No;433641,1053;4587505,169;FEM
513;(Super)mercat;C. de Claramunt;El Bonpastor;Supermercat;;No;433703,0793;4587572,515;FEM
514;Centre estètic;C. de Sant Adrià;El Bonpastor;Perruqueria;;No;433723,5308;4587519,423;FEM
515;Comerç de cura;C. de Sant Adrià;El Bonpastor;Forn;;No;433711,3425;4587517,151;FEM
516;(Super)mercat;C. de Barnola;El Bonpastor;Supermercat;;No;433672,2989;4587516,944;FEM
517;(Super)mercat;C. de Sant Adrià;El Bonpastor;Fruiteria;;No;433686,3463;4587513,019;FEM
518;(Super)mercat;C. de Sas;El Bonpastor;Supermercat;Dia;No;433512,7156;4587593,534;FEM
519;(Super)mercat;C. de Sas;El Bonpastor;Supermercat;Sorli;No;433514,5749;4587568,951;FEM
520;Centre estètic;C. de Tàrrega;El Bonpastor;Esteticien;;No;433501,7669;4587612,539;FEM
521;Centre cultural;C. de Tàrrega;El Bonpastor;Associació;;No;433448,6758;4587604,689;FEM
522;Comerç de cura;C. de Sas;El Bonpastor;Farmàcia;;No;433510,6498;4587644,766;FEM
523;Centre cultural;C. de Sas;El Bonpastor;AFA;;No;433508,1709;4587688,148;FEM
524;Centre estètic;C. d'Alfarràs;El Bonpastor;Perruqueria;;No;433567,0462;4587654,475;FEM
525;Espai institucional;C. d'Ardèvol;El Bonpastor;Residència;;No;433594,8829;4587708,393;FEM
526;Centre cultural;C. de Barnola;El Bonpastor;Museu;;No;433658,3031;4587604,999;FEM
527;Comerç de cura;C. de Salomó;El Bonpastor;Farmàcia;;No;433707,8823;4587608,305;FEM
528;Espai institucional;Plaça de Vilabesòs;El Bonpastor;Escola d'adults;;No;433688,9802;4587646,005;FEM
529;Element simbólic;Plaça de Vilabesòs;El Bonpastor;Grafitti;;No;433689,1868;4587641,667;FEM
530;Espai institucional;Passeig de Mollerussa;El Bonpastor;CAP;;No;433684,9519;4587791,231;FEM
531;Comerç de cura;C. de Lima;El Bonpastor;Farmàcia;;No;433566,7364;4587799,753;FEM
532;Centre estètic;C. de les Acàcies;El Bonpastor;Perruqueria;;No;433343,9913;4587832,444;FEM
533;Espai institucional;C. de Caracas;El Bonpastor;Fundació;;No;433449,7603;4588076,002;FEM
534;Element simbólic;C. de Maracaibo;El Bonpastor;Grafitti;Cuina;No;433702,8211;4588172,269;FEM
535;Element simbólic;Plaça de Monterrey;El Bonpastor;Estatua;;No;433682,5762;4588297,663;FEM
536;Col·legi/Centre formatiu;C. de Caracas;El Bonpastor;Centre formatiu;;No;433370,8467;4588357,571;FEM
537;(Super)mercat;C. de Sao Paulo;El Bonpastor;Centre comercial;;No;433043,6686;4587825,154;FEM
538;Comerç de cura;C. de Sao Paulo;El Bonpastor;Roba;;No;433005,5686;4587778,587;FEM
539;Comerç de cura;C. de Sao Paulo;El Bonpastor;Roba;;No;432821,4186;4587755,569;FEM
540;(Super)mercat;C. de Sao Paulo;El Bonpastor;Supermercat;;No;432852,3749;4587760,199;FEM
541;Comerç de cura;Passatge de Posoltega;El Bonpastor;Centre mèdic;;No;432898,9415;4587698,683;FEM
542;Comerç de cura;Passatge de Posoltega;El Bonpastor;Dentista;;No;432898,0155;4587694,582;FEM
543;Comerç de cura;Passatge de Posoltega;El Bonpastor;Farmàcia;;No;432896,1634;4587690,216;FEM
544;Comerç de cura;Passatge de Posoltega;El Bonpastor;Veterinaria;;No;432825,7842;4587649,074;FEM
545;Centre cultural;C. de Ferran Junoy;El Bonpastor;Museu;;No;432815,9947;4587570,228;FEM
546;Comerç de cura;Passeig de l'Havana;El Bonpastor;Centre mèdic;;No;432849,5967;4587541,785;FEM
547;Comerç de cura;Passeig de l'Havana;El Bonpastor;Herboristeria;;No;432846,0249;4587528,159;FEM
548;Espai institucional;Passeig de l'Havana;El Bonpastor;Residència;;No;432845,0988;4587465,585;FEM
549;(Super)mercat;Passeig de l'Havana;El Bonpastor;Supermercat;;No;432833,9863;4587486,09;FEM
550;Espai institucional;Passatge del Torrent de l'Estadella;El Bonpastor;Esplai;;No;433188,2634;4587141,074;FEM
551;Centre cultural;Passatge del Torrent de l'Estadella;El Bonpastor;Associació;;No;433204,6676;4587123,347;FEM
552;Centre cultural;C. del Torrent d'Estadella;El Bonpastor;Fundació;;No;433075,5509;4587257,226;FEM
553;Comerç de cura;Passeig de Santa Coloma;Sant Andreu;Farmàcia;;No;432429,1401;4588545,709;FEM
554;Comerç de cura;Passeig de Santa Coloma;Sant Andreu;Veterinaria;;No;432416,1163;4588539,796;FEM
555;(Super)mercat;Passeig de Santa Coloma;Sant Andreu;Supermercat;Mercadona;No;432306,2923;4588490,178;FEM
556;(Super)mercat;Passeig de Santa Coloma;Sant Andreu;Fruiteria;;No;432354,2329;4588512,55;FEM
557;Espai institucional;Passeig de Torres i Bages;Sant Andreu;Mossos;Tècnicament és institucional, però femení?;Si;432370,7724;4588434,726;FEM
558;Espai institucional;Passeig de Torres i Bages;Sant Andreu;EAIA;;No;432376,6052;4588306,565;FEM
559;Comerç de cura;Passeig de Torres i Bages;Sant Andreu;Farmàcia;;No;432377,1645;4588299,694;FEM
561;Espai institucional;Passeig de Torres i Bages;Sant Andreu;Serveis socials;;No;432414,0788;4588304,088;FEM
562;Comerç de cura;Passeig de Torres i Bages;Sant Andreu;Farmàcia;;No;432377,6439;4588290,345;FEM
563;Espai institucional;C. de Fernando Pessoa;Sant Andreu;Serveis socials;;No;432602,9647;4588347,075;FEM
564;Espai institucional;C. de Fernando Pessoa;Sant Andreu;CAP;;No;432567,6485;4588265,576;FEM
565;Centre cultural;C. de Fernando Pessoa;Sant Andreu;Cooperativa;;No;432606,4804;4588253,591;FEM
566;Espai institucional;C. de Fernando Pessoa;Sant Andreu;Hort públic;;No;432568,2877;4588189,191;FEM
567;Espai institucional;C. de Fèlix Amat;Sant Andreu;Residència;;No;432302,6968;4588337,647;FEM
568;Comerç de cura;C. Gran de San Andreu;Sant Andreu;Farmàcia;;No;432190,0575;4588307,324;FEM
569;Comerç de cura;C. Gran de San Andreu;Sant Andreu;Roba;;No;432189,6292;4588274,774;FEM
570;(Super)mercat;C. Gran de San Andreu;Sant Andreu;Supermercat;;No;432188,5584;4588265,993;FEM
571;Comerç de cura;C. Gran de San Andreu;Sant Andreu;Roba;;No;432183,633;4588219,523;FEM
572;(Super)mercat;Av. Meridiana;Sant Andreu;Fruiteria;;No;432064,7798;4588197,465;FEM
573;Comerç de cura;Av. Meridiana;Sant Andreu;Forn;;No;432063,2807;4588188,899;FEM
574;Centre estètic;Plaça de Mossen Clapés;Sant Andreu;Esteticien;;No;432078,057;4588172,41;FEM
575;(Super)mercat;Plaça de Mossen Clapés;Sant Andreu;Fruiteria;Latino;No;432110,822;4588167,27;FEM
576;Centre estètic;Av. Meridiana;Sant Andreu;Perruqueria;;No;432079,3419;4588266,636;FEM
577;Comerç de cura;Plaça de Mossen Clapés;Sant Andreu;Farmàcia;;No;432062,8524;4588135,255;FEM
578;Comerç de cura;C. de Bartina;Sant Andreu;Rentadores;;No;432109,9654;4588121,228;FEM
579;(Super)mercat;Plaça de Mossen Clapés;Sant Andreu;Supermercat;;No;432159,1128;4588077,863;FEM
580;(Super)mercat;Plaça de Mossen Clapés;Sant Andreu;Fruiteria;;No;432167,8929;4588076,792;FEM
581;Comerç de cura;C. de Bartina;Sant Andreu;Forn;;No;432120,9941;4588076,15;FEM
582;(Super)mercat;C. de Bartina;Sant Andreu;Supermercat;;No;432108,7876;4588051,951;FEM
583;Comerç de cura;C. de Bartina;Sant Andreu;Forn;;No;432095,2961;4588027,109;FEM
584;Centre estètic;Plaça de Can Galta Cremat;Sant Andreu;Yoga;;No;432104,2904;4588007,407;FEM
585;Centre cultural;Plaça de Can Galta Cremat;Sant Andreu;Centre cultural;;No;432117,6748;4587987,973;FEM
586;Comerç de cura;Plaça de Can Galta Cremat;Sant Andreu;Neteja;;No;432152,4742;4587975,767;FEM
587;(Super)mercat;C. de Bartina;Sant Andreu;Fruiteria;;No;432056,8562;4587989,365;FEM
588;Comerç de cura;C. de Bartina;Sant Andreu;Veterinaria;;No;432077,8429;4588028,769;FEM
589;(Super)mercat;C. de Bartina;Sant Andreu;Fruiteria;;No;432073,1316;4588020,524;FEM
590;Centre estètic;C. de Bartina;Sant Andreu;Esteticien;;No;432065,8505;4588006,818;FEM
591;Centre estètic;C. de Bartina;Sant Andreu;Perruqueria;;No;432084,3745;4588042,046;FEM
592;Comerç de cura;C. de Bartina;Sant Andreu;Roba;;No;432089,5141;4588053,61;FEM
593;Centre estètic;C. de Bartina;Sant Andreu;Floristeria;;No;432105,147;4588081,45;FEM
594;Comerç de cura;C. de Bartina;Sant Andreu;Salut;;No;432097,8659;4588068,172;FEM
595;Comerç de cura;C. de Bartina;Sant Andreu;Farmàcia;;No;432028,2672;4587936,042;FEM
596;Centre estètic;C. de Bartina;Sant Andreu;Perruqueria;;No;432036,8332;4587951,889;FEM
597;(Super)mercat;C. de Bartina;Sant Andreu;Supermercat;;No;432047,1124;4587907,56;FEM
598;Centre estètic;C. de Bartina;Sant Andreu;Esteticien;;No;432058,2482;4587930,26;FEM
599;(Super)mercat;C. de Campeny;Sant Andreu;Fruiteria;;No;432095,5103;4587944,822;FEM
600;Centre cultural;C. d'Agustí i Milà;Sant Andreu;Fundació;;No;431975,158;4587780,355;FEM
601;Col·legi/Centre formatiu;C. d'Agustí i Milà;Sant Andreu;Guarderia;;No;432077,0934;4587746,948;FEM
602;Espai d'art;C. d'Arquímedes;Sant Andreu;Dança;;No;432076,8792;4587815,261;FEM
603;Comerç de cura;C. d'Agustí i Milà;Sant Andreu;Farmàcia;;No;432134,6997;4587732,814;FEM
604;Comerç de cura;C. d'Agustí i Milà;Sant Andreu;Veterinaria;;No;432179,6712;4587684,202;FEM
605;Comerç de cura;C. de Campeny;Sant Andreu;Dentista;;No;432188,0766;4587903,438;FEM
606;(Super)mercat;c. de la Residència;Sant Andreu;Supermercat;;No;432271,7021;4587904,83;FEM
607;Comerç de cura;c. de la Residència;Sant Andreu;Optica;;No;432221,591;4587938,237;FEM
608;Centre estètic;C. Gran de San Andreu;Sant Andreu;Esteticien;;No;432193,9657;4587961,365;FEM
609;Comerç de cura;C. Gran de San Andreu;Sant Andreu;Dentista;;No;432197,3921;4587941,663;FEM
610;Centre estètic;C. Gran de San Andreu;Sant Andreu;Perruqueria;;No;432195,2506;4587952,799;FEM
611;Comerç de cura;C. de Colombia;Sant Andreu;Roba;;No;432176,4054;4588010,191;FEM
612;Centre estètic;C. Gran de San Andreu;Sant Andreu;Perruqueria;;No;432188,1837;4588008,264;FEM
613;Comerç de cura;C. Gran de San Andreu;Sant Andreu;Farmàcia;;No;432208,0996;4588015,759;FEM
614;Col·legi/Centre formatiu;C. de Balira;Sant Andreu;Guarderia;;No;432240,4362;4588053,664;FEM
615;Centre estètic;C. Gran de San Andreu;Sant Andreu;Floristeria;;No;432204,6732;4588053,021;FEM
616;Comerç de cura;C. Gran de San Andreu;Sant Andreu;Coses de casa;;No;432205,5298;4588038,887;FEM
617;(Super)mercat;C. Gran de San Andreu;Sant Andreu;Supermercat;;No;432200,069;4588086,215;FEM
618;Centre estètic;C. Gran de San Andreu;Sant Andreu;Esteticien;;No;432201,9963;4588080,861;FEM
619;(Super)mercat;C. Gran de San Andreu;Sant Andreu;Fruiteria;;No;432201,7822;4588066,941;FEM
620;Comerç de cura;C. Gran de San Andreu;Sant Andreu;Fisioterapia;;No;432199,2124;4588118,765;FEM
621;Comerç de cura;C. de Palomar;Sant Andreu;Papereria;;No;432207,5642;4588133,328;FEM
622;(Super)mercat;C. de Palomar;Sant Andreu;Supermercat;;No;432247,8244;4588135,683;FEM
623;Centre estètic;C. d'Eiximenis;Sant Andreu;Perruqueria;;No;432268,3828;4588080,433;FEM
624;Centre estètic;C. d'Eiximenis;Sant Andreu;Esteticien;;No;432266,8838;4588097,35;FEM
625;Espai institucional;C. de Lanzarote;Sant Andreu;Serveis socials;;No;432336,2683;4587967,576;FEM
626;Comerç de cura;Passeig de Torres i Bages;Sant Andreu;Roba;;No;432390,7695;4588071,652;FEM
627;Centre estètic;C. de Palomar;Sant Andreu;Perruqueria;;No;432279,1974;4588138,681;FEM
628;Espai institucional;C. de l'Almirall Pròixida;Sant Andreu;Residència;;No;432340,6584;4588101,955;FEM
629;Comerç de cura;C. de Palomar;Sant Andreu;Farmàcia;;No;432326,4193;4588141,892;FEM
630;Comerç de cura;C. de l'Almirall Pròixida;Sant Andreu;Coses de casa;;No;432356,2914;4588102,597;FEM
631;(Super)mercat;Passeig de Torres i Bages;Sant Andreu;Carniceria;;No;432387,9856;4588125,618;FEM
632;Comerç de cura;C. de Palomar;Sant Andreu;Forn;;No;432377,4922;4588145,213;FEM
633;Centre estètic;C. de Palomar;Sant Andreu;Perruqueria;;No;432366,9989;4588144,678;FEM
634;Col·legi/Centre formatiu;C. de l'Almirall Pròixida;Sant Andreu;Repàs;;No;432348,2607;4588102,704;FEM
635;Centre cultural;Passeig de Torres i Bages;Sant Andreu;Centre cultural;;No;432424,1769;4588052,379;FEM
636;Comerç de cura;C. del Cinca;Sant Andreu;Podologia;;No;432511,2288;4588083,538;FEM
637;Comerç de cura;C. del Cinca;Sant Andreu;Centre mèdic;;No;432510,8005;4588130,651;FEM
638;(Super)mercat;C. del Cinca;Sant Andreu;Supermercat;Dia;No;432482,7469;4587977,105;FEM
639;Centre estètic;C. del Cinca;Sant Andreu;Perruqueria;;No;432515,9401;4587998,734;FEM
640;Col·legi/Centre formatiu;C. del Cinca;Sant Andreu;Repàs;;No;432517,6533;4587955,904;FEM
641;(Super)mercat;C. del Cinca;Sant Andreu;Supermercat;;No;432520,8656;4587882,665;FEM
642;Centre cultural;C. del Cinca;Sant Andreu;Llibreria;;No;432513,5845;4588050,344;FEM
643;Comerç de cura;C. del Cinca;Sant Andreu;Farmàcia;;No;432513,3703;4588035,354;FEM
644;Comerç de cura;C. de Fernando Pessoa;Sant Andreu;Centre mèdic;;No;432585,646;4587894,765;FEM
645;Comerç de cura;C. del Cinca;Sant Andreu;Veterinaria;;No;432522,4717;4587847,223;FEM
646;Comerç de cura;C. de Fernando Pessoa;Sant Andreu;Farmàcia;;No;432591,8563;4587787,904;FEM
647;(Super)mercat;C. del Cinca;Sant Andreu;Supermercat;Caprabo;No;432528,8962;4587715,093;FEM
648;(Super)mercat;C. del Cinca;Sant Andreu;Fruiteria;;No;432529,7528;4587686,182;FEM
649;Centre estètic;C. de Joan Torras;Sant Andreu;Esteticien;;No;432574,296;4587685,754;FEM
650;Centre estètic;C. de Joan Torras;Sant Andreu;Esteticien;;No;432581,1488;4587685,754;FEM
651;Comerç de cura;C. de Joan Comorera;Sant Andreu;Dentista;;No;432557,5923;4587747,001;FEM
652;Espai institucional;C. de Fernando Pessoa;Sant Andreu;Habitatge;;No;432634,4721;4587690,251;FEM
653;Comerç de cura;C. de Joan Torras;Sant Andreu;Veterinaria;;No;432582,6479;4587656,416;FEM
654;Comerç de cura;C. de Joan Torras;Sant Andreu;Area de jocs;;No;432601,0647;4587657,915;FEM
655;(Super)mercat;C. de Joan Torras;Sant Andreu;Supermercat;Mercadona;No;432541,7452;4587656,416;FEM
656;Comerç de cura;C. de Joan Torras;Sant Andreu;Farmàcia;;No;432470,8616;4587676,974;FEM
657;Centre estètic;Plaça Sot dels Paletes;Sant Andreu;Esteticien;;No;432463,3663;4587687,896;FEM
658;Espai d'art;C. del Cinca;Sant Andreu;Dança;;No;432496,3454;4587696,676;FEM
659;Espai d'art;Passatge de Jacint Guardiola;Sant Andreu;Ceràmica;;No;432482,2115;4587717,234;FEM
660;(Super)mercat;Passeig de Torres i Bages;Sant Andreu;Fruiteria;;No;432437,6683;4587733,295;FEM
661;Comerç de cura;Passeig de Torres i Bages;Sant Andreu;Roba;;No;432437,4542;4587743,146;FEM
662;(Super)mercat;Passeig de Torres i Bages;Sant Andreu;Fruiteria;;No;432434,8844;4587805,464;FEM
663;Centre estètic;Passeig de Torres i Bages;Sant Andreu;Esteticien;;No;432435,9551;4587772,485;FEM
664;(Super)mercat;Passeig de Torres i Bages;Sant Andreu;Supermercat;Condis;No;432432,1004;4587854,076;FEM
665;(Super)mercat;Passeig de Torres i Bages;Sant Andreu;Supermercat;La Sirena;No;432432,1004;4587866,497;FEM
666;Comerç de cura;Passeig de Torres i Bages;Sant Andreu;Papereria;;No;432431,0297;4587881,916;FEM
667;Comerç de cura;Passeig de Torres i Bages;Sant Andreu;Farmàcia;;No;432397,4082;4587893,48;FEM
668;Comerç de cura;c. de la Residència;Sant Andreu;Forn;;No;432382,6318;4587900,118;FEM
669;Centre cultural;c. de la Residència;Sant Andreu;Associació;;No;432349,8669;4587905,044;FEM
670;Centre cultural;Passeig de Torres i Bages;Sant Andreu;Llibreria;;No;432397,4082;4587881,273;FEM
671;(Super)mercat;Passeig de Torres i Bages;Sant Andreu;Supermercat;;No;432398,9072;4587870,351;FEM
672;(Super)mercat;Passeig de Torres i Bages;Sant Andreu;Fruiteria;;No;432398,0506;4587849,793;FEM
673;Comerç de cura;C. Gran de San Andreu;Sant Andreu;Roba;;No;432215,5948;4587786,458;FEM
674;(Super)mercat;C. Gran de San Andreu;Sant Andreu;Fruiteria;Cal fruitós;No;432216,4514;4587794,81;FEM
675;Comerç de cura;C. Gran de San Andreu;Sant Andreu;Podologia;;No;432220,7344;4587763,33;FEM
676;Comerç de cura;C. Gran de San Andreu;Sant Andreu;Veterinaria;;No;432224,1608;4587749,41;FEM
677;Centre estètic;C. Gran de San Andreu;Sant Andreu;Floristeria;;No;432213,6675;4587814,298;FEM
678;Comerç de cura;C. Gran de San Andreu;Sant Andreu;Coses de casa;;No;432214,9524;4587805,089;FEM
679;(Super)mercat;C. Gran de San Andreu;Sant Andreu;Supermercat;;No;432226,5165;4587729,494;FEM
680;Centre estètic;C. Gran de San Andreu;Sant Andreu;Herboristeria;;No;432225,874;4587736,347;FEM
681;Comerç de cura;C. Gran de San Andreu;Sant Andreu;Coses de casa;;No;432230,157;4587707,651;FEM
682;Comerç de cura;C. de Guardiola i Feliu;Sant Andreu;Forn;;No;432247,1284;4587793,579;FEM
683;Comerç de cura;C. de Guardiola i Feliu;Sant Andreu;Papereria;;No;432269,8283;4587790,474;FEM
684;Comerç de cura;C. de Guardiola i Feliu;Sant Andreu;Farmàcia;;No;432267,7939;4587778,053;FEM
685;(Super)mercat;C. Gran de San Andreu;Sant Andreu;Supermercat;Consum;No;432249,4841;4587723,873;FEM
686;(Super)mercat;C. de Joan Torras;Sant Andreu;Supermercat;;No;432282,4632;4587671,406;FEM
687;Centre estètic;C. Gran de San Andreu;Sant Andreu;Pilates;;No;432253,3388;4587696,248;FEM
688;Centre estètic;C. Gran de San Andreu;Sant Andreu;Perruqueria;;No;432253,3388;4587690,894;FEM
689;Comerç de cura;C. Gran de San Andreu;Sant Andreu;Forn;;No;432246,7001;4587745,716;FEM
690;Comerç de cura;C. Gran de San Andreu;Sant Andreu;Dentista;;No;432240,7039;4587765,418;FEM
691;Comerç de cura;C. Gran de San Andreu;Sant Andreu;Coses de casa;;No;432240,2756;4587779,552;FEM
692;Centre estètic;C. de Guardiola i Feliu;Sant Andreu;Perruqueria;;No;432254,8378;4587792,401;FEM
693;Centre estètic;C. Gran de San Andreu;Sant Andreu;Perruqueria;;No;432234,1724;4587820,99;FEM
694;Comerç de cura;C. Gran de San Andreu;Sant Andreu;Centre mèdic;;No;432232,8875;4587826,558;FEM
695;Comerç de cura;C. Gran de San Andreu;Sant Andreu;Coses de casa;;No;432229,6752;4587852,684;FEM
696;Comerç de cura;C. Gran de San Andreu;Sant Andreu;Coses de casa;;No;432227,3196;4587870,887;FEM
697;Comerç de cura;C. de Joan Torras;Sant Andreu;Veterinaria;;No;432313,622;4587672,156;FEM
698;Comerç de cura;C. de Lanzarote;Sant Andreu;Forn;;No;432327,1134;4587685,861;FEM
699;Comerç de cura;C. de Lanzarote;Sant Andreu;Roba;;No;432340,3907;4587684,791;FEM
700;Centre estètic;C. de Lanzarote;Sant Andreu;Perruqueria;;No;432340,1766;4587693,571;FEM
701;Comerç de cura;C. de Lanzarote;Sant Andreu;Dentista;;No;432326,0427;4587698,924;FEM
702;Comerç de cura;C. de Lanzarote;Sant Andreu;Fisioterapia;;No;432335,2511;4587720,339;FEM
703;(Super)mercat;C. Gran de San Andreu;Sant Andreu;Carniceria;;No;432281,9278;4587638,534;FEM
704;Centre estètic;C. Gran de San Andreu;Sant Andreu;Esteticien;;No;432291,1362;4587620,546;FEM
705;Centre estètic;C. de Servet;Sant Andreu;Perruqueria;;No;432141,2313;4587601,914;FEM
706;Comerç de cura;C. Gran de San Andreu;Sant Andreu;Optica;;No;432304,4135;4587596,347;FEM
707;Comerç de cura;C. Gran de San Andreu;Sant Andreu;Farmàcia;;No;432305,9126;4587592,92;FEM
708;Comerç de cura;C. Gran de San Andreu;Sant Andreu;Dentista;;No;432291,5645;4587583,712;FEM
709;Comerç de cura;C. Gran de San Andreu;Sant Andreu;Coses de casa;;No;432297,1324;4587607,482;FEM
710;Comerç de cura;C. Gran de San Andreu;Sant Andreu;Roba;;No;432252,161;4587652,454;FEM
711;Comerç de cura;C. Gran de San Andreu;Sant Andreu;Roba;;No;432241,4535;4587669,372;FEM
712;(Super)mercat;C. Gran de San Andreu;Sant Andreu;Formatgeria;;No;432258,3713;4587638,32;FEM
713;Centre estètic;C. Gran de San Andreu;Sant Andreu;Joyeria;;No;432263,0826;4587629,326;FEM
714;Centre estètic;C. Gran de San Andreu;Sant Andreu;Floristeria;;No;432260,9411;4587634,251;FEM
715;Col·legi/Centre formatiu;Passeig de Torres i Bages;Sant Andreu;Guarderia;;No;432404,4216;4587728,049;FEM
716;(Super)mercat;Passeig de Torres i Bages;Sant Andreu;Supermercat;;No;432405,064;4587744,967;FEM
717;Comerç de cura;Passeig de Torres i Bages;Sant Andreu;Coses de casa;;No;432406,1348;4587711,559;FEM
718;Centre estètic;Passeig de Torres i Bages;Sant Andreu;Esteticien;;No;432408,0621;4587689,716;FEM
719;Comerç de cura;C. de Joan Torras;Sant Andreu;Optica;;No;432400,781;4587674,511;FEM
720;Comerç de cura;Passeig de Torres i Bages;Sant Andreu;Coses de casa;;No;432409,5612;4587615,834;FEM
721;Comerç de cura;Passeig de Torres i Bages;Sant Andreu;Forn;Maxcipa;No;432409,347;4587624,4;FEM
722;(Super)mercat;Passeig de Torres i Bages;Sant Andreu;Fruiteria;Cal fruitós;No;432409,9895;4587602,129;FEM
723;Comerç de cura;Passeig de Torres i Bages;Sant Andreu;Forn;;No;432408,2763;4587581,784;FEM
724;(Super)mercat;Passeig de Torres i Bages;Sant Andreu;Supermercat;Condis;No;432411,9168;4587571,933;FEM
725;Centre estètic;Passeig de Torres i Bages;Sant Andreu;Fotografia;;No;432413,2017;4587559,727;FEM
726;Comerç de cura;Passeig de Torres i Bages;Sant Andreu;Viatges;;No;432445,3242;4587567,65;FEM
727;Centre estètic;C. d'en Paixalet;Sant Andreu;Perruqueria;;No;432478,3033;4587629,326;FEM
728;Comerç de cura;C. d'en Paixalet;Sant Andreu;Centre mèdic;;No;432484,9419;4587617,976;FEM
729;Espai institucional;C. d'en Paixalet;Sant Andreu;Serveis socials;;No;432511,7107;4587581,57;FEM
730;Espai institucional;C. del Cinca;Sant Andreu;Salut;;No;432533,9287;4587578,197;FEM
731;Centre cultural;C. del Pont;Sant Andreu;Espai comunitari;;No;432487,1102;4587495,482;FEM
732;Comerç de cura;C. del Cinca;Sant Andreu;Hospital privat;;No;432541,7184;4587523,669;FEM
733;Centre cultural;C. del Cinca;Sant Andreu;Teatre;;No;432530,7968;4587602,691;FEM
734;(Super)mercat;C. del Cinca;Sant Andreu;Fruiteria;;No;432530,1543;4587611,685;FEM
735;Comerç de cura;C. del Cinca;Sant Andreu;Veterinaria;;No;432521,8025;4587465,207;FEM
736;Comerç de cura;C. del Cinca;Sant Andreu;Psicologia;;No;432518,1084;4587452,036;FEM
737;Comerç de cura;C. del Cinca;Sant Andreu;Dentista;;No;432512,6476;4587420,556;FEM
738;Comerç de cura;C. del Segre;Sant Andreu;Papereria;;No;432507,9898;4587373,336;FEM
739;Comerç de cura;C. del Segre;Sant Andreu;Psicòleg infantil;;No;432513,7719;4587357,917;FEM
740;Espai institucional;Plaça de Can Fabra;Sant Andreu;Serveis socials;;No;432431,2171;4587283,554;FEM
741;Comerç de cura;C. de Sant Adrià;Sant Andreu;Forn;;No;432524,3723;4587280,342;FEM
742;(Super)mercat;C. de Sant Adrià;Sant Andreu;Supermercat;;No;432562,2768;4587313,749;FEM
743;Col·legi/Centre formatiu;C. del Dr. Balari i Jovany;Sant Andreu;Repàs;;No;432553,6038;4587318,567;FEM
744;Col·legi/Centre formatiu;C. del Segre;Sant Andreu;Acadèmia d'idiomes;;No;432508,9535;4587308,288;FEM
745;Comerç de cura;C. del Dr. Balari i Jovany;Sant Andreu;Farmàcia;;No;432519,8751;4587331,095;FEM
746;Centre estètic;C. del Segre;Sant Andreu;Esteticien;;No;432505,42;4587331,095;FEM
747;Centre estètic;C. de Sant Adrià;Sant Andreu;Perruqueria;;No;432549,7491;4587258,498;FEM
748;Comerç de cura;C. del Dr. Balari i Jovany;Sant Andreu;Forn;;No;432449,6875;4587375,585;FEM
749;Comerç de cura;C. del Segre;Sant Andreu;Forn;;No;432442,9418;4587448,342;FEM
750;Comerç de cura;C. del Segre;Sant Andreu;Forn;365;No;432412,9073;4587523,991;FEM
751;(Super)mercat;Plaça Orfila;Sant Andreu;Fruiteria;;No;432405,6797;4587494,277;FEM
752;Comerç de cura;C. del Segre;Sant Andreu;Roba;;No;432407,607;4587499,738;FEM
753;Comerç de cura;C. del Segre;Sant Andreu;Dentista;;No;432409,0526;4587510,981;FEM
754;Espai institucional;Plaça Orfila;Sant Andreu;Seu de districte;;No;432386,7274;4587463,119;FEM
755;Centre cultural;C. de Malats;Sant Andreu;Centre cultural;;No;432377,5725;4587474,201;FEM
756;Centre estètic;C. de l'Ajuntament;Sant Andreu;Lenceria;;No;432378,3756;4587439,187;FEM
757;Centre cultural;C. del Dr. Balari i Jovany;Sant Andreu;Llibreria;;No;432347,6986;4587412,044;FEM
758;Comerç de cura;C. de l'Ajuntament;Sant Andreu;Dentista;;No;432393,3125;4587446,415;FEM
759;Centre estètic;C. de Malats;Sant Andreu;Esteticien;;No;432329,2282;4587471,149;FEM
760;Comerç de cura;C. de Malats;Sant Andreu;Centre mèdic;;No;432341,7559;4587471,631;FEM
761;Centre estètic;C. de Malats;Sant Andreu;Yoga;;No;432334,8496;4587488,335;FEM
762;Comerç de cura;C. Gran de San Andreu;Sant Andreu;Roba;;No;432313,4881;4587459,264;FEM
763;Comerç de cura;C. Gran de San Andreu;Sant Andreu;Roba;;No;432314,1306;4587454,445;FEM
764;Comerç de cura;C. Gran de San Andreu;Sant Andreu;Coses de casa;;No;432314,1306;4587448,342;FEM
765;Comerç de cura;C. Gran de San Andreu;Sant Andreu;Farmàcia;;No;432295,9814;4587430,514;FEM
766;Comerç de cura;C. Gran de San Andreu;Sant Andreu;Dentista;;No;432314,773;4587432,602;FEM
767;Centre estètic;Plaça del Comerç;Sant Andreu;Perruqueria;;No;432313,8094;4587424,572;FEM
768;Comerç de cura;C. Gran de San Andreu;Sant Andreu;Roba;;No;432295,3389;4587421,038;FEM
769;Comerç de cura;C. Gran de San Andreu;Sant Andreu;Merceria;;No;432295,0177;4587425,696;FEM
770;Comerç de cura;C. Gran de San Andreu;Sant Andreu;Optica;;No;432295,6602;4587414,132;FEM
771;Comerç de cura;Plaça del Comerç;Sant Andreu;Farmàcia;;No;432314,6124;4587386,185;FEM
772;Centre estètic;Plaça del Comerç;Sant Andreu;Joyeria;;No;432330,1918;4587396,625;FEM
773;Comerç de cura;Plaça del Comerç;Sant Andreu;Roba;;No;432330,5131;4587399,998;FEM
774;Comerç de cura;Plaça del Comerç;Sant Andreu;Roba;;No;432331,9586;4587413,007;FEM
775;(Super)mercat;C. de Santa Marta;Sant Andreu;Supermercat;;No;432370,345;4587551,455;FEM
776;Centre estètic;C. de Santa Marta;Sant Andreu;Perruqueria;;No;432389,2972;4587541,819;FEM
777;Comerç de cura;C. Gran de San Andreu;Sant Andreu;Joguines;;No;432315,4155;4587538,767;FEM
778;Centre cultural;C. Gran de San Andreu;Sant Andreu;Llibreria;;No;432315,8973;4587546,316;FEM
779;Comerç de cura;C. Gran de San Andreu;Sant Andreu;Veterinaria;;No;432314,773;4587561,253;FEM
780;(Super)mercat;C. Gran de San Andreu;Sant Andreu;Fruiteria;;No;432310,4365;4587491,226;FEM
781;(Super)mercat;C. Gran de San Andreu;Sant Andreu;Supermercat;Bonarea;No;432295,8208;4587506,645;FEM
782;Centre estètic;C. Gran de San Andreu;Sant Andreu;Supermercat;;No;432298,8724;4587539,409;FEM
783;Comerç de cura;C. Gran de San Andreu;Sant Andreu;Dentista;;No;432295,8208;4587512,908;FEM
784;Comerç de cura;C. Gran de San Andreu;Sant Andreu;Coses de casa;;No;432295,1783;4587468,258;FEM
785;(Super)mercat;C. Gran de San Andreu;Sant Andreu;Supermercat;Dia;No;432295,4995;4587458,3;FEM
786;Comerç de cura;C. Gran de San Andreu;Sant Andreu;Esteticien;;No;432295,9814;4587452,358;FEM
787;Comerç de cura;C. Gran de San Andreu;Sant Andreu;Roba;;No;432295,3389;4587446,897;FEM
788;Comerç de cura;C. de Malats;Sant Andreu;Viatges;;No;432275,9048;4587473,077;FEM
789;Comerç de cura;C. de Malats;Sant Andreu;Podologia;;No;432261,6103;4587475,807;FEM
790;Centre estètic;C. de Malats;Sant Andreu;Perruqueria;;No;432271,5683;4587473,719;FEM
791;Centre estètic;C. de Malats;Sant Andreu;Massatges;;No;432252,9372;4587476,449;FEM
792;Comerç de cura;C. de Malats;Sant Andreu;Roba;;No;432238,6427;4587478,537;FEM
793;Espai institucional;C. de Santa Maria;Sant Andreu;Correo;;No;432217,9237;4587467,455;FEM
794;Centre estètic;C. de Malats;Sant Andreu;Floristeria;;No;432276,2261;4587489,78;FEM
795;Centre estètic;C. de Malats;Sant Andreu;Perruqueria;;No;432198,0078;4587504,235;FEM
796;Comerç de cura;C. de Matagalls;Sant Andreu;Centre mèdic;;No;432166,5277;4587561,895;FEM
797;Comerç de cura;C. de Servet;Sant Andreu;Veterinaria;;No;432189,0135;4587580,526;FEM
798;(Super)mercat;C. de Malats;Sant Andreu;Supermercat;;No;432159,9426;4587515,318;FEM
799;Col·legi/Centre formatiu;C. de Malats;Sant Andreu;Guarderia;;No;432087,3458;4587518,048;FEM
800;Comerç de cura;C. de Malats;Sant Andreu;Farmàcia;;No;432046,8715;4587528,809;FEM
801;Centre cultural;C. de Fraga;Sant Andreu;Centre cultural;;No;432139,063;4587477,252;FEM
802;Espai institucional;C. de Fraga;Sant Andreu;Serveis socials;;No;432139,3842;4587480,947;FEM
803;Espai institucional;C. de Fraga;Sant Andreu;Serveis socials;;No;432137,4569;4587472,434;FEM
804;Comerç de cura;C. de Pons i Gallarza;Sant Andreu;Forn;;No;432123,323;4587422,805;FEM
805;Comerç de cura;C. de Fraga;Sant Andreu;Psicologia;;No;432131,3536;4587436,296;FEM
806;Centre cultural;C. de Pons i Gallarza;Sant Andreu;Llibreria;;No;432154,3212;4587422,805;FEM
807;Centre estètic;C. de Santa Maria;Sant Andreu;Perruqueria;;No;432210,6962;4587434,369;FEM
808;(Super)mercat;C. de Pons i Gallarza;Sant Andreu;Supermercat;;No;432137,7781;4587413,168;FEM
809;(Super)mercat;C. de VIntró;Sant Andreu;Supermercat;;No;432162,1109;4587408,751;FEM
810;Centre estètic;C. de Montpeller;Sant Andreu;Joyeria;;No;432136,4129;4587346,434;FEM
811;Comerç de cura;C. de Pons i Gallarza;Sant Andreu;Veterinaria;;No;432088,8716;4587412,606;FEM
812;Comerç de cura;C. de Pons i Gallarza;Sant Andreu;Dentista;;No;432097,5447;4587412,606;FEM
813;Centre estètic;C. de Pons i Gallarza;Sant Andreu;Esteticien;;No;432113,2847;4587412,767;FEM
814;Centre estètic;C. de Pons i Gallarza;Sant Andreu;Esteticien;;No;432086,623;4587423,688;FEM
815;Centre estètic;C. de Pons i Gallarza;Sant Andreu;Yoga;;No;432092,0839;4587423,688;FEM
816;Centre cultural;C. de Pons i Gallarza;Sant Andreu;Esplai;;No;432021,4144;4587428,025;FEM
817;Comerç de cura;C. de Pons i Gallarza;Sant Andreu;Farmàcia;;No;431914,4465;4587438,946;FEM
818;Centre cultural;C. de Pons i Gallarza;Sant Andreu;Llibreria;;No;431896,2973;4587440,392;FEM
819;Centre estètic;C. de Pons i Gallarza;Sant Andreu;Perruqueria;;No;431885,0544;4587441,195;FEM
820;(Super)mercat;C. de Mir;Sant Andreu;Supermercat;;No;431937,2535;4587518,931;FEM
821;Espai d'art;C. de Malats;Sant Andreu;Dança;;No;431920,7104;4587565,027;FEM
822;Centre estètic;Av. Meridiana;Sant Andreu;Perruqueria;;No;431901,2763;4587553,624;FEM
823;Centre estètic;C. de Malats;Sant Andreu;Perruqueria;;No;431949,7812;4587574,021;FEM
824;Espai institucional;C. de Malats;Sant Andreu;;;No;431962,6302;4587570,809;FEM
825;Comerç de cura;C. de Bartrina;Sant Andreu;Forn;;No;432107,6633;4588105,488;FEM
826;Comerç de cura;Plaça de Miquel Casablancas i Joanico;Sant Andreu;Dentista;;No;432047,5942;4587888,661;FEM
827;Espai institucional;C. de Colombia;Sant Andreu;Serveis socials;;No;432169,0172;4588001,17;FEM
828;Centre estètic;C. d'Arquímedes;Sant Andreu;Perruqueria;;No;432157,935;4587989,285;FEM
829;Centre estètic;C. de Campeny;Sant Andreu;Perruqueria;;No;432163,717;4587934,195;FEM
830;Comerç de cura;C. del Cinca;Sant Andreu;Veterinaria;;No;432521,7222;4587863,686;FEM
831;Col·legi/Centre formatiu;C. del Cinca;Sant Andreu;Repàs;;No;432521,401;4587872,038;FEM
832;Centre estètic;C. del Cinca;Sant Andreu;Perruqueria;;No;432527,5042;4587741,942;FEM
833;(Super)mercat;C. de Joan Torras;Sant Andreu;Fruiteria;;No;432480,9266;4587677,376;FEM
834;Centre estètic;C. del Cinca;Sant Andreu;Massatges;;No;432496,6666;4587704,037;FEM
835;(Super)mercat;C. de Joan Torras;Sant Andreu;Fruiteria;;No;432482,5328;4587654,569;FEM
836;Comerç de cura;C. del Cinca;Sant Andreu;Coses de casa;;No;432507,9095;4587638,829;FEM
837;Element simbólic;C. del Cinca;Sant Andreu;Grafitti;;No;432514,0128;4587590,966;FEM
838;Comerç de cura;C. del Cinca;Sant Andreu;Dentista;;No;432528,4679;4587619,234;FEM
839;Comerç de cura;C. de Joan Torras;Sant Andreu;Forn;;No;432368,4979;4587675,127;FEM
840;Comerç de cura;Passeig de Torres i Bages;Sant Andreu;Optica;;No;432407,2055;4587684,282;FEM
841;Centre cultural;C. de Guardiola i Feliu;Sant Andreu;Associació;;No;432380,2226;4587761,055;FEM
842;(Super)mercat;Passeig de Torres i Bages;Sant Andreu;Fruiteria;;No;432435,1521;4587799,441;FEM
843;Comerç de cura;Passeig de Torres i Bages;Sant Andreu;Forn;;No;432433,8672;4587812,129;FEM
844;(Super)mercat;Passeig de Torres i Bages;Sant Andreu;Supermercat;;No;432402,0659;4587799,28;FEM
845;(Super)mercat;Passeig de Torres i Bages;Sant Andreu;Fruiteria;;No;432402,5477;4587808,596;FEM
846;Centre estètic;C. de Joan Torras;Sant Andreu;Joyeria;;No;432359,1824;4587651,356;FEM
847;Centre estètic;C. de Joan Torras;Sant Andreu;Perruqueria;;No;432314,2109;4587648,947;FEM
848;(Super)mercat;C. de Joan Torras;Sant Andreu;Fruiteria;;No;432323,687;4587649,59;FEM
849;(Super)mercat;C. de Joan Torras;Sant Andreu;Supermercat;;No;432330,2721;4587650,232;FEM
850;Element simbólic;C. Gran de San Andreu;Sant Andreu;Cartells;;No;432293,8131;4587580,044;FEM
851;Centre estètic;C. de Malats;Sant Andreu;Esteticien;;No;432367,8555;4587490,262;FEM
852;Centre estètic;C. de Malats;Sant Andreu;Esteticien;;No;432364,322;4587473,558;FEM
853;Element simbólic;C. del Segre;Sant Andreu;Grafitti;;No;432451,133;4587421,6;FEM
854;Element simbólic;C. del Segre;Sant Andreu;Grafitti;;No;432444,7085;4587416,942;FEM
855;Comerç de cura;C. del Dr. Balari i Jovany;Sant Andreu;Veterinaria;;No;432412,1845;4587393,975;FEM
856;Comerç de cura;C. del Dr. Balari i Jovany;Sant Andreu;Veterinaria;;No;432385,041;4587408,591;FEM
857;Centre estètic;C. del Dr. Balari i Jovany;Sant Andreu;Perruqueria;;No;432399,9779;4587399,114;FEM
858;Centre cultural;C. de l'Ajuntament;Sant Andreu;Llibreria;;No;432384,0773;4587442,962;FEM
859;Comerç de cura;C. de l'Ajuntament;Sant Andreu;Roba;;No;432361,2703;4587441,677;FEM
860;Comerç de cura;C. de l'Ajuntament;Sant Andreu;Joguines;;No;432357,7369;4587439,91;FEM
861;Centre estètic;C. de l'Ajuntament;Sant Andreu;Joyeria;;No;432354,5246;4587437,822;FEM
862;Comerç de cura;Av. Meridiana;Sant Andreu;Farmàcia;;No;431924,5651;4587643,727;FEM
863;Comerç de cura;Av. Meridiana;Sant Andreu;Rentadores;;No;431858,2321;4587396,063;FEM
864;Comerç de cura;Av. Meridiana;Sant Andreu;Coses de casa;;No;431851,9682;4587373,898;FEM
865;Comerç de cura;Av. Meridiana;Sant Andreu;Viatges;;No;431845,5437;4587352,376;FEM
866;Centre estètic;C. de Ruben Dario;Sant Andreu;Yoga;;No;431857,1078;4587342,9;FEM
867;Comerç de cura;C. de Jorda;Sant Andreu;Dentista;;No;432025,9115;4587332,621;FEM
868;(Super)mercat;C. de Ruben Dario;Sant Andreu;Supermercat;COndis;No;432095,6173;4587296,323;FEM
869;Comerç de cura;C. de Ruben Dario;Sant Andreu;Farmàcia;;No;432016,9172;4587287,971;FEM
870;Col·legi/Centre formatiu;C. de Castellbell;Sant Andreu;Escola d'idiomes;;No;431998,6074;4587259,06;FEM
871;(Super)mercat;C. de Castellbell;Sant Andreu;Supermercat;;No;431988,3282;4587259,382;FEM
872;Centre estètic;Riera de Sant Andreu;Sant Andreu;Perruqueria;;No;432065,7434;4587275,122;FEM
873;Comerç de cura;C. de Ruben Dario;Sant Andreu;Coses de casa;;No;432136,4129;4587287,328;FEM
874;Centre estètic;C. de Ruben Dario;Sant Andreu;Perruqueria;;No;432148,6195;4587286,043;FEM
875;Centre estètic;C. de Ruben Dario;Sant Andreu;Perruqueria;;No;432169,1778;4587281,225;FEM
876;Element simbólic;Riera de Sant Andreu;Sant Andreu;Grafitti;;No;432161,7897;4587247,175;FEM
877;Comerç de cura;C. de Ruben Dario;Sant Andreu;Viatges;;No;432210,2946;4587261,309;FEM
878;Centre estètic;C. de Ruben Dario;Sant Andreu;Esteticien;;No;432184,2754;4587266,127;FEM
879;Comerç de cura;C. Gran de San Andreu;Sant Andreu;Farmàcia;;No;432264,7423;4587233,684;FEM
880;(Super)mercat;C. Gran de San Andreu;Sant Andreu;Supermercat;;No;432280,3217;4587235,45;FEM
881;Element simbólic;C. de Sant Adrià;Sant Andreu;Grafitti;;No;432288,6735;4587239,466;FEM
882;Comerç de cura;C. Gran de San Andreu;Sant Andreu;Optica;;No;432293,6525;4587264,2;FEM
883;(Super)mercat;C. de Sant Adrià;Sant Andreu;Fruiteria;;No;432319,0293;4587254,403;FEM
884;Comerç de cura;C. Gran de San Andreu;Sant Andreu;Optica;;No;432290,6009;4587276,728;FEM
885;Comerç de cura;C. Gran de San Andreu;Sant Andreu;Roba;;No;432293,3313;4587284,437;FEM
886;Comerç de cura;C. Gran de San Andreu;Sant Andreu;Roba;;No;432294,7768;4587289,416;FEM
887;Comerç de cura;C. Gran de San Andreu;Sant Andreu;Centre mèdic;;No;432296,7041;4587301,141;FEM
888;Comerç de cura;C. Gran de San Andreu;Sant Andreu;Optica;;No;432276,9488;4587276,728;FEM
889;Centre estètic;C. Gran de San Andreu;Sant Andreu;Joyeria;;No;432279,0368;4587284,919;FEM
890;Centre estètic;C. Gran de San Andreu;Sant Andreu;Floristeria;;No;432280,4823;4587289,416;FEM
891;Comerç de cura;C. Gran de San Andreu;Sant Andreu;Veterinaria;;No;432281,6066;4587294,556;FEM
892;Centre estètic;C. Gran de San Andreu;Sant Andreu;Perruqueria;;No;432281,9278;4587300,659;FEM
893;Comerç de cura;C. Gran de San Andreu;Sant Andreu;Roba;;No;432295,5799;4587309,332;FEM
894;Comerç de cura;C. del Mercat;Sant Andreu;Veterinaria;;No;432277,7519;4587326,036;FEM
895;Centre estètic;C. del Mercat;Sant Andreu;Perruqueria;;No;432257,9965;4587326,036;FEM
896;Comerç de cura;C. del Mercat;Sant Andreu;Farmàcia;;No;432252,2145;4587327,16;FEM
897;Centre estètic;C. del Mercat;Sant Andreu;Ungles;;No;432265,7059;4587336,154;FEM
898;Centre estètic;C. del Mercat;Sant Andreu;Ungles;;No;432246,7537;4587336,315;FEM
899;Comerç de cura;Plaça del Mercadal;Sant Andreu;Tintoreria;;No;432223,9467;4587342,579;FEM
900;Centre estètic;C. del Mercat;Sant Andreu;Esteticien;;No;432275,5033;4587335,351;FEM
901;Centre estètic;C. Gran de San Andreu;Sant Andreu;Perfumeria;;No;432299,7558;4587329,087;FEM
902;Comerç de cura;Plaça del Comerç;Sant Andreu;Fisioterapia;;No;432326,2568;4587384,017;FEM
903;Comerç de cura;Plaça del Comerç;Sant Andreu;Roba;;No;432329,7903;4587384,82;FEM
904;Comerç de cura;Plaça del Comerç;Sant Andreu;Dentista;;No;432320,4748;4587384,82;FEM
905;Comerç de cura;C. Gran de San Andreu;Sant Andreu;Dentista;;No;432307,3046;4587382,09;FEM
906;Comerç de cura;C. Gran de San Andreu;Sant Andreu;Centre mèdic;;No;432307,4652;4587376,629;FEM
907;Comerç de cura;C. Gran de San Andreu;Sant Andreu;Forn;Macxipa;No;432289,4766;4587383,053;FEM
908;Centre estètic;C. Gran de San Andreu;Sant Andreu;Perfumeria;;No;432291,5645;4587364,422;FEM
909;Comerç de cura;C. Gran de San Andreu;Sant Andreu;Coses de casa;;No;432289,6372;4587358,801;FEM
910;Centre estètic;C. Gran de San Andreu;Sant Andreu;Perruqueria;;No;432284,4976;4587351,413;FEM
911;(Super)mercat;C. Gran de San Andreu;Sant Andreu;Supermercat;;No;432299,1133;4587335,191;FEM
912;Comerç de cura;C. Gran de San Andreu;Sant Andreu;Papereria;;No;432299,5952;4587341,294;FEM
913;Comerç de cura;C. Gran de San Andreu;Sant Andreu;Roba;;No;432303,4499;4587354,625;FEM
914;Comerç de cura;C. Gran de San Andreu;Sant Andreu;Dentista;;No;432301,827;4587364,827;FEM
915;Comerç de cura;C. Gran de San Andreu;Sant Andreu;Roba;;No;432290,7615;4587374,22;FEM
916;(Super)mercat;C. de Pons i Gallarza;Sant Andreu;Supermercat;;No;432262,0118;4587412,285;FEM
917;(Super)mercat;C. Mateu Ferran;Sant Andreu;Supermercat;Italià;No;432236,3139;4587400,721;FEM
918;Centre estètic;C. Mateu Ferran;Sant Andreu;Esteticien;;No;432243,3808;4587377,592;FEM
919;Espai d'art;C. Mateu Ferran;Sant Andreu;Ceràmica;;No;432234,2259;4587368,598;FEM
920;Centre estètic;C. de Pons i Gallarza;Sant Andreu;Esteticien;;No;432171,2658;4587423,849;FEM
921;Centre estètic;C. de Pons i Gallarza;Sant Andreu;Esteticien;;No;432179,2964;4587423,046;FEM
922;Centre estètic;C. de Pons i Gallarza;Sant Andreu;Esteticien;;No;432186,6846;4587423,528;FEM
923;Comerç de cura;C. de l'arc del Mercat;Sant Andreu;Viatges;;No;432256,3904;4587352,216;FEM
924;Comerç de cura;C. de Pons i Gallarza;Sant Andreu;Psicologia;;No;432157,1319;4587412,767;FEM
925;Comerç de cura;C. de Pons i Gallarza;Sant Andreu;Forn;;No;432255,5874;4587413,248;FEM
926;Comerç de cura;C. de Pons i Gallarza;Sant Andreu;Forn;;No;432257,3541;4587401,363;FEM
927;Col·legi/Centre formatiu;C. de Pons i Gallarza;Sant Andreu;Escola d'idiomes;;No;432282,7309;4587401,363;FEM
928;Centre estètic;Plaça del Mercadal;Sant Andreu;Esteticien;;No;432212,3826;4587362,334;FEM
929;(Super)mercat;Plaça del Mercadal;Sant Andreu;Mercat;;No;432193,7516;4587353,822;FEM
930;(Super)mercat;C. de VIntró;Sant Andreu;Carniceria;;No;432169,9809;4587376,629;FEM
931;(Super)mercat;C. de VIntró;Sant Andreu;Supermercat;;No;432161,6291;4587371,329;FEM
932;(Super)mercat;Plaça del Mercadal;Sant Andreu;Peixateria;;No;432161,4685;4587364,422;FEM
933;Comerç de cura;Plaça del Mercadal;Sant Andreu;Coses de casa;;No;432161,6291;4587355,107;FEM
934;Comerç de cura;Plaça del Mercadal;Sant Andreu;Forn;;No;432161,7897;4587336,154;FEM
935;Comerç de cura;Plaça del Mercadal;Sant Andreu;Roba;Infantil;No;432160,6654;4587329,891;FEM
936;Comerç de cura;Plaça del Mercadal;Sant Andreu;Roba;;No;432169,1778;4587320,575;FEM
937;Comerç de cura;Plaça del Mercadal;Sant Andreu;Podologia;;No;432174,6387;4587319,611;FEM
938;Comerç de cura;Plaça del Mercadal;Sant Andreu;Rentadores;;No;432177,8509;4587319,611;FEM
939;Comerç de cura;Plaça del Mercadal;Sant Andreu;Roba;;No;432194,394;4587318,969;FEM
940;(Super)mercat;Plaça del Mercadal;Sant Andreu;Supermercat;;No;432203,0671;4587318,969;FEM
941;Centre estètic;C. del Mercat;Sant Andreu;Joyeria;;No;432235,6714;4587327,803;FEM
942;Comerç de cura;C. de Ruben Dario;Sant Andreu;Coses de casa;;No;432199,0518;4587274,961;FEM
943;(Super)mercat;C. de Ruben Dario;Sant Andreu;Mercat;;No;432190,5393;4587276,407;FEM
944;Comerç de cura;C. de Ruben Dario;Sant Andreu;Psicòleg infantil;;No;432179,2964;4587279,298;FEM
945;Centre estètic;C. de Ruben Dario;Sant Andreu;Esteticien;;No;432183,7936;4587278,013;FEM
946;Centre estètic;C. de Ruben Dario;Sant Andreu;Esteticien;;No;432228,7651;4587269,34;FEM
947;Centre estètic;C. de Ruben Dario;Sant Andreu;Ungles;;No;432214,1493;4587271,588;FEM
948;(Super)mercat;C. de VIntró;Sant Andreu;Supermercat;;No;432169,0172;4587306,12;FEM
949;Comerç de cura;C. de VIntró;Sant Andreu;Roba;;No;432168,8566;4587296,965;FEM
950;Centre cultural;C. de VIntró;Sant Andreu;Associació;;No;432169,0172;4587286,846;FEM
951;(Super)mercat;Plaça del Mercadal;Sant Andreu;Supermercat;;No;432161,6291;4587345,47;FEM
952;Espai institucional;Plaça del Mercadal;Sant Andreu;Serveis socials;;No;432185,3997;4587319,933;FEM
953;Comerç de cura;Plaça del Mercadal;Sant Andreu;Roba;;No;432199,6942;4587363,137;FEM
954;Comerç de cura;Plaça del Mercadal;Sant Andreu;Roba;;No;432204,0308;4587363,137;FEM
955;Centre estètic;Plaça del Mercadal;Sant Andreu;Massatges;;No;432219,4495;4587362,334;FEM
956;(Super)mercat;Plaça del Mercadal;Sant Andreu;Supermercat;;No;432184,1148;4587363,94;FEM
957;(Super)mercat;Plaça del Mercadal;Sant Andreu;Supermercat;;No;432170,784;4587364,262;FEM
958;Comerç de cura;C. Gran de San Andreu;Sant Andreu;Forn;;No;432264,7423;4587264,842;FEM
959;(Super)mercat;C. de Ruben Dario;Sant Andreu;Supermercat;;No;432249,3235;4587265,485;FEM
960;Comerç de cura;C. Gran de San Andreu;Sant Andreu;Coses de casa;;No;432273,2547;4587273,194;FEM
961;Espai institucional;C. Gran de San Andreu;Sant Andreu;Espai comunitari;;No;432278,7155;4587280,743;FEM
962;Centre estètic;C. del Segre;Sant Andreu;Perruqueria;;No;432595,1221;4587126,395;FEM
963;Comerç de cura;C. del Segre;Sant Andreu;Veterinaria;;No;432631,3402;4587074,276;FEM
964;(Super)mercat;c. del Doctor Santponç;Sant Andreu;Supermercat;Bonpreu;No;432687,2333;4587047,132;FEM
965;Col·legi/Centre formatiu;C. de Parellada;Sant Andreu;Guarderia;;No;432629,7341;4587148,639;FEM
966;(Super)mercat;C. Doctor Santponç;Sant Andreu;Carniceria;;No;432686,5909;4587028,341;FEM
967;Comerç de cura;C. Doctor Santponç;Sant Andreu;Coses de casa;;No;432701,8491;4587032,035;FEM
968;Centre estètic;C. Doctor Santponç;Sant Andreu;Perruqueria;;No;432740,0748;4587040,547;FEM
969;Espai institucional;C. de josep Soldevila;Sant Andreu;SEPE;;No;432759,8302;4587001,84;FEM
970;Comerç de cura;C. de josep Soldevila;Sant Andreu;Rentadores;;No;432748,1055;4587028,18;FEM
971;(Super)mercat;C. del Segre;Sant Andreu;Supermercat;;No;432728,832;4586913,824;FEM
972;(Super)mercat;C. del Segre;Sant Andreu;Supermercat;;No;432735,2565;4586902,581;FEM
973;Comerç de cura;c. del Doctor Santponç;Sant Andreu;Forn;;No;432607,6499;4587022,84;FEM
974;Comerç de cura;C. de Ramon Batllé;Sant Andreu;Farmàcia;;No;432563,642;4587037,777;FEM
975;Centre cultural;c. del Doctor Santponç;Sant Andreu;Associació;;No;432541,7987;4587002,763;FEM
976;Col·legi/Centre formatiu;c. del Doctor Santponç;Sant Andreu;Institut;;No;432494,0968;4586994,893;FEM
977;Col·legi/Centre formatiu;c. del Doctor Santponç;Sant Andreu;Guarderia;;No;432479,6417;4586992,805;FEM
978;Comerç de cura;C. de Parellada;Sant Andreu;Centre mèdic;;No;432498,1122;4587102,985;FEM
979;Centre estètic;C. de Borriana;Sant Andreu;Perruqueria;;No;432494,0968;4586880,376;FEM
980;Centre estètic;C. de Santa Coloma;Sant Andreu;Esteticien;;No;432584,657;4586932,385;FEM
981;(Super)mercat;C. de Santa Coloma;Sant Andreu;Supermercat;;No;432578,3766;4586905,931;FEM
982;Comerç de cura;C. de Borriana;Sant Andreu;Joguines;;No;432599,1209;4586907,454;FEM
983;(Super)mercat;C. de Santa Coloma;Sant Andreu;Fruiteria;;No;432572,6671;4586886,139;FEM
984;(Super)mercat;C. de Santa Coloma;Sant Andreu;Supermercat;;No;432567,3383;4586861,017;FEM
985;Comerç de cura;C. de Santa Coloma;Sant Andreu;Roba;;No;432560,6773;4586833,421;FEM
986;Centre estètic;Rambla de l'Onze de Setembre;Sant Andreu;Perruqueria;;No;432577,6153;4586829,044;FEM
987;(Super)mercat;Rambla de l'Onze de Setembre;Sant Andreu;Fruiteria;;No;432611,6817;4586828,473;FEM
988;(Super)mercat;Rambla de l'Onze de Setembre;Sant Andreu;Supermercat;;No;432624,8134;4586827,522;FEM
989;(Super)mercat;C. de Virgili;Sant Andreu;Supermercat;;No;432627,4778;4586844,269;FEM
990;Comerç de cura;C. de Mossén Quinti Mallofré;Sant Andreu;Bugaderia;;No;432649,7446;4586853,785;FEM
991;(Super)mercat;Rambla de l'Onze de Setembre;Sant Andreu;Fruiteria;;No;432645,1771;4586826,57;FEM
992;Centre estètic;C. de Mossén Quinti Mallofré;Sant Andreu;Perruqueria;;No;432668,9664;4586859,685;FEM
993;Comerç de cura;C. de Mossén Quinti Mallofré;Sant Andreu;Farmàcia;;No;432706,4584;4586880,239;FEM
994;Comerç de cura;Rambla de l'Onze de Setembre;Sant Andreu;Forn;;No;432680,5756;4586823,906;FEM
995;Comerç de cura;Rambla de l'Onze de Setembre;Sant Andreu;Forn;;No;432747,947;4586823,906;FEM
996;(Super)mercat;C. del Segre;Sant Andreu;Supermercat;;No;432740,7151;4586847,124;FEM
997;(Super)mercat;C. del Segre;Sant Andreu;Fruiteria;;No;432731,7703;4586861,969;FEM
998;Comerç de cura;C. del Segre;Sant Andreu;Coses de casa;;No;432705,8875;4586908,405;FEM
999;Comerç de cura;C. de Virgili;Sant Andreu;Dentista;;No;432640,2289;4586741,309;FEM
1000;Comerç de cura;Rambla de l'Onze de Setembre;Sant Andreu;Farmàcia;;No;432649,364;4586788,317;FEM
1001;Comerç de cura;Rambla de l'Onze de Setembre;Sant Andreu;Optica;;No;432686,2851;4586784,891;FEM
1002;(Super)mercat;Riera de Sant Andreu;Sant Andreu;Fruiteria;;No;432755,5596;4586778,23;FEM
1003;Centre estètic;Rambla de l'Onze de Setembre;Sant Andreu;Perruqueria;;No;432737,2894;4586779,753;FEM
1004;Espai institucional;C. de Virgili;Sant Andreu;Casal;;No;432649,364;4586707,052;FEM
1005;Element simbólic;C. de Santa Coloma;Sant Andreu;Grafiti;;No;432536,5073;4586704,198;FEM
1006;Element simbólic;C. de Santa Coloma;Sant Andreu;Grafiti;;No;432538,4105;4586727,702;FEM
1007;Comerç de cura;C. de Santa Coloma;Sant Andreu;Psicologia;;No;432520,8064;4586680,313;FEM
1008;Col·legi/Centre formatiu;C. de Santa Coloma;Sant Andreu;Acadèmia d'idiomes;;No;432514,9066;4586603,807;FEM
1009;Col·legi/Centre formatiu;C. de Sant Sebastià;Sant Andreu;Col·legi;;No;432446,5836;4586621,411;FEM
1010;Centre cultural;C. de Sant Sebastià;Sant Andreu;Centre cultural;;No;432435,7357;4586622,933;FEM
1011;Centre cultural;C. de Sant Sebastià;Sant Andreu;Casal;;No;432437,2582;4586707,433;FEM
1012;Centre estètic;C. de Sant Sebastià;Sant Andreu;Perruqueria;;No;432435,355;4586727,987;FEM
1013;Comerç de cura;Rambla de l'Onze de Setembre;Sant Andreu;Forn;Vivari;No;432452,864;4586803,923;FEM
1014;Comerç de cura;C. de Sant Sebastià;Sant Andreu;Dentista;;No;432422,9846;4586741,69;FEM
1015;Comerç de cura;C. de Sant Sebastià;Sant Andreu;Roba;;No;432417,8461;4586802,971;FEM
1016;Centre estètic;Rambla de l'Onze de Setembre;Sant Andreu;Perruqueria;;No;432397,4824;4586805,065;FEM
1017;Comerç de cura;C. de Sant Mateu;Sant Andreu;Forn;;No;432459,9056;4586791,552;FEM
1018;Comerç de cura;Rambla de l'Onze de Setembre;Sant Andreu;Farmàcia;;No;432506,1521;4586802,59;FEM
1019;Centre estètic;Rambla de l'Onze de Setembre;Sant Andreu;Joyeria;;No;432525,9449;4586801,829;FEM
1020;(Super)mercat;Rambla de l'Onze de Setembre;Sant Andreu;Fruiteria;Cal Fruitós;No;432535,2703;4586802,21;FEM
1021;Comerç de cura;C. de Sant Ildefons;Sant Andreu;Psicologia;;No;432379,7831;4586681,17;FEM
1022;Comerç de cura;C. Gran de San Andreu;Sant Andreu;Coses de casa;;No;432360,9896;4586679,171;FEM
1023;Centre estètic;C. Gran de San Andreu;Sant Andreu;Perruqueria;;No;432363,2733;4586672,51;FEM
1024;(Super)mercat;C. Gran de San Andreu;Sant Andreu;Supermercat;Graneria;Si;432350,7126;4586652,718;FEM
1025;Centre estètic;C. Gran de San Andreu;Sant Andreu;Perruqueria;;No;432355,6607;4586642,631;FEM
1026;Comerç de cura;C. Gran de San Andreu;Sant Andreu;Rentadores;;No;432370,1247;4586595,623;FEM
1027;Comerç de cura;C. Gran de San Andreu;Sant Andreu;Dentista;;No;432372,9794;4586586,107;FEM
1028;Centre estètic;C. de Rovira i Virgili;Sant Andreu;Perruqueria;;No;432360,6089;4586572,024;FEM
1029;Centre estètic;C. de Neopàtria;Sant Andreu;Perruqueria;;No;432337,5808;4586579,446;FEM
1030;Centre estètic;C. de Neopàtria;Sant Andreu;Perruqueria;;No;432320,0719;4586596,194;FEM
1031;Comerç de cura;C. de Rovira i Virgili;Sant Andreu;Farmàcia;;No;432285,6249;4586591,056;FEM
1032;Comerç de cura;C. de Neopàtria;Sant Andreu;Dentista;;No;432295,1406;4586662,995;FEM
1033;Centre estètic;C. de Neopàtria;Sant Andreu;Perruqueria;;No;432287,3377;4586685,261;FEM
1034;Comerç de cura;C. Gran de San Andreu;Sant Andreu;Podologia;;No;432330,7295;4586702,58;FEM
1035;Col·legi/Centre formatiu;C. de Neopàtria;Sant Andreu;Col·legi;;No;432274,0157;4586723,515;FEM
1036;Col·legi/Centre formatiu;C. de Neopàtria;Sant Andreu;Guarderia;;No;432281,2477;4586732,84;FEM
1037;(Super)mercat;C. Gran de San Andreu;Sant Andreu;Supermercat;Condis;No;432331,8714;4586761,578;FEM
1038;(Super)mercat;C. Gran de San Andreu;Sant Andreu;Fruiteria;;No;432313,0302;4586748,636;FEM
1039;Centre cultural;C. Gran de San Andreu;Sant Andreu;Llibreria;;No;432340,4356;4586738,55;FEM
1040;Comerç de cura;C. Gran de San Andreu;Sant Andreu;Dentista;;No;432336,8196;4586747,114;FEM
1041;Comerç de cura;Plaça de Nadal;Sant Andreu;Perruqueria;;No;432209,6893;4586697,442;FEM
1042;Comerç de cura;Plaça de Nadal;Sant Andreu;Farmàcia;;No;432175,052;4586679,742;FEM
1043;Comerç de cura;Plaça de Nadal;Sant Andreu;Roba;;No;432172,007;4586695,729;FEM
1044;(Super)mercat;C. de Rovira i Virgili;Sant Andreu;Supermercat;Bonpreu;No;432118,7189;4586669,085;FEM
1045;Col·legi/Centre formatiu;C. de Camil Fabra;Sant Andreu;Repàs;;No;432097,9746;4586693,826;FEM
1046;Centre estètic;C. de Camil Fabra;Sant Andreu;Esteticien;;No;432098,9261;4586679,552;FEM
1047;Col·legi/Centre formatiu;C. de Camil Fabra;Sant Andreu;Escola d'art;Japonés;No;432094,7392;4586722,563;FEM
1048;Comerç de cura;Plaça de Nadal;Sant Andreu;Roba;;No;432183,9968;4586703,722;FEM
1049;Comerç de cura;C. de Nadal;Sant Andreu;Dentista;;No;432171,8167;4586760,055;FEM
1050;Centre estètic;C. de Nadal;Sant Andreu;Perruqueria;;No;432176,5745;4586729,985;FEM
1051;(Super)mercat;Rambla de l'Onze de Setembre;Sant Andreu;Supermercat;Lidl;No;432147,4564;4586811,63;FEM
1052;(Super)mercat;C. de Nadal;Sant Andreu;Supermercat;Italià;No;432165,346;4586800,782;FEM
1053;Centre cultural;C. de Cuba;Sant Andreu;Casal;;No;432201,3155;4586797,167;FEM
1054;Centre cultural;C. de Cuba;Sant Andreu;Associació;;No;432206,8346;4586778,516;FEM
1055;Espai d'art;C. de Cuba;Sant Andreu;DIY Costura;;No;432216,5406;4586784,415;FEM
1056;Centre estètic;C. de Neopàtria;Sant Andreu;Esteticien;;No;432262,2162;4586754,155;FEM
1057;Espai d'art;C. Gran de San Andreu;Sant Andreu;Pintura;;No;432298,376;4586789,554;FEM
1058;Centre estètic;Rambla de l'Onze de Setembre;Sant Andreu;Esteticien;;No;432213,115;4586808,966;FEM
1059;Comerç de cura;Rambla de l'Onze de Setembre;Sant Andreu;Farmàcia;;No;432282,5799;4586835,039;FEM
1060;(Super)mercat;Rambla de l'Onze de Setembre;Sant Andreu;Supermercat;Clarel;No;432264,5;4586835,991;FEM
1061;Comerç de cura;C. Gran de San Andreu;Sant Andreu;Centre mèdic;;No;432280,2961;4586853,5;FEM
1062;Comerç de cura;C. Gran de San Andreu;Sant Andreu;Joguines;;No;432279,3445;4586864,157;FEM
1063;Comerç de cura;C. Gran de San Andreu;Sant Andreu;Joguines;;No;432276,8704;4586868,915;FEM
1064;Comerç de cura;C. Gran de San Andreu;Sant Andreu;Optica;;No;432272,8738;4586890,801;FEM
1065;Centre cultural;C. de Neopàtria;Sant Andreu;Llibreria;;No;432239,1881;4586882,618;FEM
1066;Centre cultural;C. de Neopàtria;Sant Andreu;Teatre;;No;432230,4336;4586874,434;FEM
1067;Comerç de cura;C. Gran de San Andreu;Sant Andreu;Forn;Maxcipa;No;432302,5629;4586845,126;FEM
1068;(Super)mercat;C. Gran de San Andreu;Sant Andreu;Supermercat;Sorli;No;432299,5179;4586860,541;FEM
1069;Comerç de cura;C. Gran de San Andreu;Sant Andreu;Coses de casa;;No;432296,2825;4586870,818;FEM
1070;(Super)mercat;C. Gran de San Andreu;Sant Andreu;Fruiteria;;No;432295,7116;4586875,576;FEM
1071;Espai institucional;C. Gran de San Andreu;Sant Andreu;Centre cívic;;No;432272,1126;4586903,172;FEM
1072;(Super)mercat;C. Gran de San Andreu;Sant Andreu;Supermercat;Veritas;No;432289,2409;4586916,113;FEM
1073;Comerç de cura;C. Gran de San Andreu;Sant Andreu;Dentista;;No;432288,099;4586922,965;FEM
1074;Centre estètic;C. Gran de San Andreu;Sant Andreu;Perfumeria;;No;432291,144;4586900,317;FEM
1075;Comerç de cura;C. Gran de San Andreu;Sant Andreu;Roba;;No;432292,6666;4586895,369;FEM
1076;Comerç de cura;C. Garona;Sant Andreu;Roba;ç;No;432369,1731;4586856,545;FEM
1077;Centre estètic;C. Doctor Santponç;Sant Andreu;Perruqueria;;No;432321,5944;4586967,689;FEM
1078;Comerç de cura;C. Gran de San Andreu;Sant Andreu;Optica;;No;432281,2477;4586959,505;FEM
1079;Comerç de cura;C. Doctor Santponç;Sant Andreu;Dentista;;No;432390,1077;4586978,727;FEM
1080;Col·legi/Centre formatiu;C. Doctor Santponç;Sant Andreu;Acadèmia d'idiomes;;No;432404,5716;4586991,478;FEM
1081;Parc infantil;C. Doctor Santponç;Sant Andreu;Espai de joc;;No;432423,9837;4586984,246;FEM
1082;Espai d'art;C. de Ramon Batllé;Sant Andreu;Dança;;No;432394,4849;4587024,783;FEM
1083;Espai d'art;C. de Ramon Batllé;Sant Andreu;Pintura;;No;432345,3837;4587021,548;FEM
1084;Comerç de cura;C. Doctor Santponç;Sant Andreu;Roba;;No;432316,6462;4586976,824;FEM
1085;(Super)mercat;C. Gran de San Andreu;Sant Andreu;Supermercat;Condis;No;432278,3929;4586978,917;FEM
1086;Comerç de cura;C. Gran de San Andreu;Sant Andreu;Forn;;No;432278,5833;4586988,813;FEM
1087;Centre cultural;C. de Ramon Batllé;Sant Andreu;Diables;;No;432324,2588;4587028,589;FEM
1088;Comerç de cura;C. Gran de San Andreu;Sant Andreu;Roba;;No;432274,0157;4587029,351;FEM
1089;Comerç de cura;C. Gran de San Andreu;Sant Andreu;Roba;;No;432257,8389;4587024,402;FEM
1090;Comerç de cura;C. Gran de San Andreu;Sant Andreu;Roba;;No;432258,7352;4587075,812;FEM
1091;Comerç de cura;C. Gran de San Andreu;Sant Andreu;Viatges;;No;432258,9808;4587091,393;FEM
1092;Comerç de cura;C. Gran de San Andreu;Sant Andreu;Coses de casa;;No;432273,6351;4587034,679;FEM
1093;Comerç de cura;C. Gran de San Andreu;Sant Andreu;Roba;;No;432274,0157;4587052,95;FEM
1094;Comerç de cura;C. Gran de San Andreu;Sant Andreu;Forn;;No;432274,3963;4587047,43;FEM
1095;Espai d'art;C. de Ramon Batllé;Sant Andreu;DIY Costura;;No;432370,8859;4587032,396;FEM
1096;Comerç de cura;C. de Ramon Batllé;Sant Andreu;Centre mèdic;;No;432400,9557;4587034,679;FEM
1097;Espai institucional;C. de Sant Adrià;Sant Andreu;Ateneu;;No;432449,2956;4587213,766;FEM
1098;Centre cultural;C. de Sant Adrià;Sant Andreu;Museu;;No;432447,7731;4587123,176;FEM
1099;(Super)mercat;C. Gran de San Andreu;Sant Andreu;Supermercat;;No;432256,3164;4587060,562;FEM
1100;Comerç de cura;C. Gran de San Andreu;Sant Andreu;Coses de casa;;No;432257,8389;4587070,459;FEM
1101;Comerç de cura;C. Gran de San Andreu;Sant Andreu;Coses de casa;;No;432274,206;4587074,645;FEM
1102;(Super)mercat;C. Gran de San Andreu;Sant Andreu;Carniceria;;No;432257,8389;4587028,589;FEM
1103;(Super)mercat;C. Gran de San Andreu;Sant Andreu;Carniceria;;No;432258,2196;4587044,576;FEM
1104;(Super)mercat;C. Gran de San Andreu;Sant Andreu;Supermercat;;No;432258,6002;4587039,628;FEM
1105;Comerç de cura;C. Gran de San Andreu;Sant Andreu;Farmàcia;;No;432264,6903;4586956,46;FEM
1106;(Super)mercat;C. Gran de San Andreu;Sant Andreu;Supermercat;;No;432263,1678;4586966,547;FEM
1107;Comerç de cura;C. de Llenguadoc;Sant Andreu;Podologia;;No;432240,5203;4586948,086;FEM
1108;Comerç de cura;C. Gran de San Andreu;Sant Andreu;Forn;;No;432260,1227;4587003,087;FEM
1109;Centre estètic;C. Gran de San Andreu;Sant Andreu;Esteticien;;No;432262,4065;4586976,062;FEM
1110;(Super)mercat;C. Gran de San Andreu;Sant Andreu;Fruiteria;;No;432259,9324;4587013,554;FEM
1111;Col·legi/Centre formatiu;C. Gran de San Andreu;Sant Andreu;Acadèmia d'idiomes;;No;432260,6937;4587144,491;FEM
1112;Centre estètic;C. de Coroleu;Sant Andreu;Floristeria;;No;432247,9426;4587116,705;FEM
1113;Comerç de cura;C. de Coroleu;Sant Andreu;Psicologia;ç;No;432218,0632;4587120,702;FEM
1114;Comerç de cura;C. Gran de San Andreu;Sant Andreu;Coses de casa;;No;432273,4448;4587142,207;FEM
1115;Comerç de cura;C. Gran de San Andreu;Sant Andreu;Coses de casa;;No;432273,6351;4587146,013;FEM
1116;Espai institucional;C. Gran de San Andreu;Sant Andreu;Espai comunitari;;No;432280,1058;4587190,928;FEM
1117;Comerç de cura;C. Gran de San Andreu;Sant Andreu;Forn;;No;432281,438;4587205,011;FEM
1118;Comerç de cura;C. Gran de San Andreu;Sant Andreu;Roba;;No;432263,7387;4587185,218;FEM
1119;Comerç de cura;C. Gran de San Andreu;Sant Andreu;Roba;;No;432263,5484;4587175,893;FEM
1120;Comerç de cura;C. Gran de San Andreu;Sant Andreu;Roba;;No;432263,1678;4587172,467;FEM
1121;Espai institucional;C. d'Ignasi Iglesias;Sant Andreu;Centre d'estudis;;No;432167,8201;4587203,869;FEM
1122;Espai institucional;C. del Montsenc;Sant Andreu;OME;;No;432156,2109;4587174,941;FEM
1123;Espai d'art;Riera de Sant Andreu;Sant Andreu;DIY Pintura;;No;432155,069;4587240,029;FEM
1124;Espai d'art;C. de Ruben Dario;Sant Andreu;Estudi de música;;No;432116,4351;4587281,137;FEM
1125;Col·legi/Centre formatiu;C. d'Ignasi Iglesias;Sant Andreu;Acadèmia d'idiomes;;No;432022,5147;4587229,086;FEM
1126;Comerç de cura;C. d'Ignasi Iglesias;Sant Andreu;Farmàcia;;No;431848,5671;4587270,765;FEM
1127;(Super)mercat;C. de Concepción Arenal;Sant Andreu;Supermercat;;No;431836,5772;4587283,706;FEM
1128;Centre estètic;C. de Concepción Arenal;Sant Andreu;Esteticien;;No;431836,5772;4587291,509;FEM
1129;Centre estètic;C. de Ruben Dario;Sant Andreu;Herboristeria;;No;431850,2799;4587332,998;FEM
1130;(Super)mercat;Av. Meridiana;Sant Andreu;Carniceria;;No;431839,8126;4587328,811;FEM
1131;(Super)mercat;Av. Meridiana;Sant Andreu;Fruiteria;;No;431837,7191;4587315,679;FEM
1132;Comerç de cura;C. de Coroleu;Sant Andreu;Roba;;No;432140,7002;4587119,274;FEM
1133;Espai institucional;C. de Coroleu;Sant Andreu;Correo;;No;432144,8871;4587131,454;FEM
1134;Centre cultural;C. de Coroleu;Sant Andreu;Museu;;No;432106,4436;4587124,603;FEM
1135;Comerç de cura;C. de Coroleu;Sant Andreu;CAP;;No;432073,1385;4587142,302;FEM
1136;Comerç de cura;C. de Coroleu;Sant Andreu;Veterinaria;;No;432104,921;4587138,115;FEM
1137;Centre estètic;Plaça de les Palmeres;Sant Andreu;Esteticien;;No;432033,3627;4587110,139;FEM
1138;Espai d'art;C. de Coroleu;Sant Andreu;DIY Cerámica;;No;432002,1511;4587152,77;FEM
1139;(Super)mercat;C. de Coroleu;Sant Andreu;Supermercat;;No;431984,8324;4587156,005;FEM
1140;Comerç de cura;Plaça de les Palmeres;Sant Andreu;Farmàcia;;No;431967,1332;4587119,084;FEM
1141;(Super)mercat;Plaça de les Palmeres;Sant Andreu;Supermercat;Dia;No;431965,23;4587101,765;FEM
1142;Centre cultural;C. de Coroleu;Sant Andreu;Espai comunitari;;No;431969,0363;4587158,479;FEM
1143;(Super)mercat;C. de Coroleu;Sant Andreu;Carniceria;;No;431962,185;4587146,68;FEM
1144;Col·legi/Centre formatiu;C. de Coroleu;Sant Andreu;Centre formatiu;;No;431918,6029;4587165,521;FEM
1145;Centre estètic;C. de Coroleu;Sant Andreu;Esteticien;;No;431879,2077;4587171,801;FEM
1146;Centre estètic;C. de Concepción Arenal;Sant Andreu;Perruqueria;;No;431829,7259;4587185,313;FEM
1147;Espai institucional;C. de Concepción Arenal;Sant Andreu;Serveis socials;;No;431831,629;4587169,137;FEM
1148;Espai institucional;Av. Meridiana;Sant Andreu;CAP;;No;431792,9951;4587167,614;FEM
1149;Comerç de cura;Av. Meridiana;Sant Andreu;Coses de casa;;No;431804,985;4587214,051;FEM
1150;Comerç de cura;Av. Meridiana;Sant Andreu;Ortopèdia;;No;431807,0784;4587226,992;FEM
1151;Centre estètic;C. de Sòcrates;Sant Andreu;Pilates;;No;432129,4716;4587013,269;FEM
1152;Comerç de cura;C. de Sòcrates;Sant Andreu;Roba;;No;432134,9908;4587013,459;FEM
1153;Element simbólic;Torent de Parellada;Sant Andreu;Grafiti;;No;432133,2779;4587048,097;FEM
1154;Comerç de cura;C. de les Monges;Sant Andreu;Centre mèdic;;No;432121,0978;4587051,332;FEM
1155;Centre cultural;C. del Pare Secchi;Sant Andreu;Cooperativa;;No;432022,5147;4587037,629;FEM
1156;(Super)mercat;C. de Sòcrates;Sant Andreu;Supermercat;;No;432028,2648;4587025,303;FEM
1157;Col·legi/Centre formatiu;C. de Sòcrates;Sant Andreu;Centre formatiu;;No;432050,3007;4587022,404;FEM
1158;Comerç de cura;C. de Sòcrates;Sant Andreu;Centre mèdic;;No;432045,9235;4587008,701;FEM
1159;Espai institucional;C. de Sòcrates;Sant Andreu;Espai Jove;;No;431997,9641;4587028,875;FEM
1160;Centre estètic;Plaça de les Palmeres;Sant Andreu;Perruqueria;;No;431976,2683;4587080,26;FEM
1161;(Super)mercat;Plaça de les Palmeres;Sant Andreu;Supermercat;;No;432016,615;4587075,312;FEM
1162;Espai d'art;C. de Castellbell;Sant Andreu;DIY Pintura;;No;431967,7041;4587046,955;FEM
1163;Col·legi/Centre formatiu;C. de Castellbell;Sant Andreu;Guarderia;;No;431957,2368;4587047,335;FEM
1164;Comerç de cura;C. de Sòcrates;Sant Andreu;Veterinaria;;No;431944,4857;4587036,107;FEM
1165;Centre cultural;C. de l'Abat Odó;Sant Andreu;Ateneu;;No;431930,5927;4587085,779;FEM
1166;Col·legi/Centre formatiu;C. d'Irlanda;Sant Andreu;Centre formatiu;;No;431978,7424;4586984,912;FEM
1167;Col·legi/Centre formatiu;C. d'Irlanda;Sant Andreu;Música;;No;431960,0915;4587005,847;FEM
1168;Comerç de cura;C. de Sòcrates;Sant Andreu;Psicologia;;No;431895,7651;4587026,781;FEM
1169;(Super)mercat;C. de Concepción Arenal;Sant Andreu;Fruiteria;;No;431860,1763;4587054,187;FEM
1170;(Super)mercat;C. de Concepción Arenal;Sant Andreu;Peixateria;;No;431857,7022;4587081,402;FEM
1171;Espai d'art;C. de l'Abat Odó;Sant Andreu;DIY Cerámica;;No;431865,1244;4587094,533;FEM
1172;(Super)mercat;C. de Voló;Sant Andreu;Carniceria;Argentí;No;431799,4658;4587144,205;FEM
1173;Comerç de cura;Av. Meridiana;Sant Andreu;Farmàcia;;No;431785,1922;4587122,319;FEM
1174;Comerç de cura;Av. Meridiana;Sant Andreu;Forn;;No;431783,2891;4587106,713;FEM
1175;(Super)mercat;Av. Meridiana;Sant Andreu;Supermercat;;No;431781,9569;4587060,086;FEM
1176;Centre estètic;C. de Sòcrates;Sant Andreu;Esteticien;;No;431788,6179;4587038,581;FEM
1177;Centre estètic;C. de Sòcrates;Sant Andreu;Perruqueria;;No;431825,3487;4587041,245;FEM
1178;(Super)mercat;C. de Concepción Arenal;Sant Andreu;Supermercat;;No;431842,6673;4587058,183;FEM
1179;Espai institucional;C. de Concepción Arenal;Sant Andreu;Espai comunitari;;No;431841,5254;4587069,602;FEM
1180;Centre estètic;C. de Concepción Arenal;Sant Andreu;Perruqueria;;No;431836,3869;4587111,662;FEM
1181;Centre estètic;C. de Concepción Arenal;Sant Andreu;Yoga;;No;431836,7675;4587116,229;FEM
1182;Comerç de cura;C. de Neopàtria;Sant Andreu;Dentista;;No;432214,5423;4586990,431;FEM
1183;Espai d'art;C. de Llenguadoc;Sant Andreu;Fotografia;;No;432190,3724;4586934,669;FEM
1184;Comerç de cura;C. de Llenguadoc;Sant Andreu;Psicologia;;No;432132,136;4586917,541;FEM
1185;Comerç de cura;C. de Llenguadoc;Sant Andreu;Coses de casa;;No;432113,6755;4586912,783;FEM
1186;Espai institucional;C. de Llenguadoc;Sant Andreu;CAS;;No;432094,4537;4586907,644;FEM
1187;Col·legi/Centre formatiu;C. de Llenguadoc;Sant Andreu;Repàs;;No;432056,7714;4586897,558;FEM
1188;Espai d'art;C. de Llenguadoc;Sant Andreu;Dança;;No;432086,4605;4586893,942;FEM
1189;Comerç de cura;C. del Vallés;Sant Andreu;Roba;;No;432009,5733;4586935,62;FEM
1190;Centre estètic;C. del Vallés;Sant Andreu;Perruqueria;;No;431993,9675;4586932,766;FEM
1191;(Super)mercat;C. d'Irlanda;Sant Andreu;Supermercat;;No;431993,9675;4586891,467;FEM
1192;Comerç de cura;C. de Llenguadoc;Sant Andreu;Dentista;;No;432016,8053;4586885,758;FEM
1193;Centre estètic;C. d'Irlanda;Sant Andreu;Perruqueria;;No;431992,0644;4586900,603;FEM
1194;Centre estètic;C. d'Irlanda;Sant Andreu;Perruqueria;;No;431990,9225;4586910,118;FEM
1195;Centre estètic;C. d'Irlanda;Sant Andreu;Ungles;;No;431975,1264;4586921,918;FEM
1196;Comerç de cura;C. d'Irlanda;Sant Andreu;Forn;;No;431975,6973;4586912,783;FEM
1197;Comerç de cura;C. de Llenguadoc;Sant Andreu;Forn;;No;431957,6174;4586869,01;FEM
1198;Comerç de cura;Rambla de Fabra i Puig;Sant Andreu;Roba;;No;431961,9947;4586844,46;FEM
1199;(Super)mercat;Rambla de Fabra i Puig;Sant Andreu;Peixateria;;No;431991,3031;4586844,84;FEM
1200;(Super)mercat;Rambla de Fabra i Puig;Sant Andreu;Carniceria;;No;431957,6174;4586844,079;FEM
1201;Comerç de cura;C. de Concepción Arenal;Sant Andreu;Farmàcia;;No;431879,2077;4586862,73;FEM
1202;Comerç de cura;C. de Llenguadoc;Sant Andreu;Roba;;No;431893,6717;4586851,121;FEM
1203;Comerç de cura;C. de Llenguadoc;Sant Andreu;Coses de casa;;No;431914,9869;4586857,02;FEM
1204;Comerç de cura;C. de Llenguadoc;Sant Andreu;Coses de casa;;No;431930,9733;4586861,588;FEM
1205;Centre estètic;C. de Concepción Arenal;Sant Andreu;Esteticien;Tailandés;No;431875,2111;4586898,509;FEM
1206;(Super)mercat;C. de Concepción Arenal;Sant Andreu;Fruiteria;;No;431874,0692;4586908,405;FEM
1207;Centre estètic;C. de Concepción Arenal;Sant Andreu;Perruqueria;;No;431864,1729;4586850,169;FEM
1208;Comerç de cura;C. de Concepción Arenal;Sant Andreu;Roba;;No;431863,031;4586860,256;FEM
1209;Centre estètic;Rambla de Fabra i Puig;Sant Andreu;Joyeria;;No;431853,1346;4586848,076;FEM
1210;Comerç de cura;Rambla de Fabra i Puig;Sant Andreu;Roba;;No;431836,0063;4586849,027;FEM
1211;(Super)mercat;Av. Meridiana;Sant Andreu;Fruiteria;;No;431788,047;4586930,292;FEM
1212;(Super)mercat;C. de Concepción Arenal;Sant Andreu;Supermercat;;No;431859,2247;4586888,042;FEM
1213;Comerç de cura;C. de Concepción Arenal;Sant Andreu;Coses de casa;;No;431856,37;4586922,679;FEM
1214;Comerç de cura;C. de Concepción Arenal;Sant Andreu;Roba;;No;431858,4634;4586901,935;FEM
1215;Centre estètic;C. de Concepción Arenal;Sant Andreu;Esteticien;;No;431854,6571;4586935,62;FEM
1216;Comerç de cura;C. de Concepción Arenal;Sant Andreu;Veterinaria;;No;431847,9961;4587007,559;FEM
1217;(Super)mercat;C. de Concepción Arenal;Sant Andreu;Supermercat;Capbravo;No;431848,5671;4586996,712;FEM
1218;Centre estètic;C. de Sòcrates;Sant Andreu;Perruqueria;;No;431818,6876;4587023,927;FEM
1219;Centre cultural;Av. Meridiana;Sant Andreu;Llibreria;;No;431785,0019;4586990,812;FEM
1220;Comerç de cura;Av. Meridiana;Sant Andreu;Forn;Vivari;No;431786,1438;4586985,293;FEM
1221;Comerç de cura;Passeig de Fabra i Puig;Sant Andreu;Coses de casa;;No;431799,8465;4586819,909;FEM
1222;(Super)mercat;Passeig de Fabra i Puig;Sant Andreu;Supermercat;;No;431838,6707;4586818,958;FEM
1223;(Super)mercat;Passeig de Fabra i Puig;Sant Andreu;Carniceria;;No;431858,0828;4586818,387;FEM
1224;Comerç de cura;Rambla de Fabra i Puig;Sant Andreu;Forn;;No;431886,0591;4586817,245;FEM
1225;Espai d'art;C. de Concepción Arenal;Sant Andreu;Dança;;No;431859,9859;4586787,556;FEM
1226;Comerç de cura;C. de Concepción Arenal;Sant Andreu;Roba;;No;431860,7472;4586810,584;FEM
1227;Comerç de cura;C. de Concepción Arenal;Sant Andreu;Roba;;No;431860,7472;4586781,846;FEM
1228;Centre estètic;C. de Concepción Arenal;Sant Andreu;Esteticien;;No;431857,8925;4586753,68;FEM
1229;Centre estètic;C. de Concepción Arenal;Sant Andreu;Esteticien;;No;431855,799;4586707,052;FEM
1230;Centre estètic;Av. Meridiana;Sant Andreu;Floristeria;;No;431849,138;4586700,962;FEM
1231;Comerç de cura;Av. Meridiana;Sant Andreu;Optica;;No;431842,8576;4586705,149;FEM
1232;Comerç de cura;Av. Meridiana;Sant Andreu;Forn;365;No;431839,6223;4586712,001;FEM
1233;Comerç de cura;Av. Meridiana;Sant Andreu;Optica;;No;431835,0547;4586718,852;FEM
1234;Comerç de cura;Av. Meridiana;Sant Andreu;Optica;;No;431830,2968;4586731,032;FEM
1235;Comerç de cura;Av. Meridiana;Sant Andreu;Forn;;No;431821,352;4586745,877;FEM
1236;(Super)mercat;Av. Meridiana;Sant Andreu;Fruiteria;;No;431820,2102;4586751,776;FEM
1237;Comerç de cura;Av. Meridiana;Sant Andreu;Forn;;No;431814,8813;4586763,195;FEM
1238;Col·legi/Centre formatiu;Av. Meridiana;Sant Andreu;Acadèmia d'idiomes;;No;431806,6978;4586780,514;FEM
1239;Comerç de cura;C. de les Filatures;Sant Andreu;Dentista;;No;431926,7864;4586743,783;FEM
1240;Centre estètic;C. de les Filatures;Sant Andreu;Perruqueria;;No;431931,354;4586719,423;FEM
1241;Comerç de cura;C. de les Filatures;Sant Andreu;Roba;;No;431926,9767;4586765,669;FEM
1242;(Super)mercat;Rambla de Fabra i Puig;Sant Andreu;Supermercat;Ametller;No;432050,3007;4586814,2;FEM
1243;(Super)mercat;Rambla de Fabra i Puig;Sant Andreu;Supermercat;;No;431988,4484;4586814,771;FEM
1244;Comerç de cura;C. de Camil Fabra;Sant Andreu;Roba;;No;432070,8547;4586805,445;FEM
1245;Centre estètic;Rambla de Fabra i Puig;Sant Andreu;Joyeria;;No;432100,1632;4586812,677;FEM
1246;Comerç de cura;C. de Camil Fabra;Sant Andreu;Farmàcia;;No;432087,7927;4586782,798;FEM
1247;Col·legi/Centre formatiu;C. de Camil Fabra;Sant Andreu;Repàs;;No;432087,0315;4586795,929;FEM
1248;Espai d'art;C. de Camil Fabra;Sant Andreu;DIY Cerámica;;No;432090,4571;4586766,811;FEM
1249;Centre estètic;C. de Camil Fabra;Sant Andreu;Ungles;;No;432092,3603;4586755,202;FEM
1250;(Super)mercat;C. de Camil Fabra;Sant Andreu;Supermercat;Llatí;No;432091,7893;4586748,731;FEM
1251;Comerç de cura;C. de Camil Fabra;Sant Andreu;Rentadores;;No;432092,9312;4586737,313;FEM
1252;Comerç de cura;Rambla de Fabra i Puig;Sant Andreu;Roba;;No;432022,5147;4586842,937;FEM
1253;Centre estètic;Rambla de Fabra i Puig;Sant Andreu;Esteticien;;No;432091,599;4586841,986;FEM
1254;(Super)mercat;Rambla de Fabra i Puig;Sant Andreu;Supermercat;;No;432032,2208;4586842,747;FEM
1255;Centre cultural;Rambla de Fabra i Puig;Sant Andreu;Espai comunitari;;No;432163,538;4586839,892;FEM
1256;Comerç de cura;Rambla de Fabra i Puig;Sant Andreu;Forn;Turris;No;432074,2804;4586841,605;FEM
1257;Comerç de cura;Rambla de Fabra i Puig;Sant Andreu;Forn;;No;432134,2295;4586840,273;FEM
1258;Comerç de cura;Rambla de Fabra i Puig;Sant Andreu;Forn;365;No;432125,0944;4586811,535;FEM
1259;Centre estètic;Rambla de Fabra i Puig;Sant Andreu;Esteticien;;No;432116,3399;4586812,297;FEM
1260;Centre estètic;Rambla de l'Onze de Setembre;Sant Andreu;Yoga;;No;432429,2174;4586832,47;FEM
1261;(Super)mercat;Rambla de l'Onze de Setembre;Sant Andreu;Supermercat;;No;432480,7927;4586831,518;FEM
1262;(Super)mercat;Rambla de l'Onze de Setembre;Sant Andreu;Rostisseria;;No;432494,4954;4586831,899;FEM
1263;Comerç de cura;Rambla de l'Onze de Setembre;Sant Andreu;Dentista;;No;432452,8164;4586832,089;FEM
1264;Centre estètic;Rambla de l'Onze de Setembre;Sant Andreu;Esteticien;;No;432472,7995;4586831,518;FEM
1265;Centre estètic;Rambla de l'Onze de Setembre;Sant Andreu;Esteticien;;No;432490,3084;4586831,328;FEM
1266;Centre estètic;Rambla de l'Onze de Setembre;Sant Andreu;Esteticien;;No;432527,0392;4586831,138;FEM
1267;Col·legi/Centre formatiu;Rambla de l'Onze de Setembre;Sant Andreu;Repàs;;No;432485,288;4586803,014;FEM
1268;Comerç de cura;C. de Sant Mateu;Sant Andreu;Forn;;No;432471,466;4586798,937;FEM
1269;(Super)mercat;C. de Mossén Quinti Mallofré;Sant Andreu;Carniceria;Hallal;No;432592,1843;4586843,088;FEM
1270;Centre estètic;Rambla de l'Onze de Setembre;Sant Andreu;Esteticien;;No;432671,7351;4586786,408;FEM
1271;Centre estètic;C. de Sant Sebastià;Sant Andreu;Perruqueria;;No;432417,5703;4586790,585;FEM
1272;Comerç de cura;C. de Sant Sebastià;Sant Andreu;Centre mèdic;;No;432421,7468;4586750,213;FEM
1273;Comerç de cura;Rambla de l'Onze de Setembre;Sant Andreu;Optica;;No;432391,6024;4586805,172;FEM
1274;Comerç de cura;C. Gran de San Andreu;Sant Andreu;Perruqueria;;No;432331,9771;4586757,973;FEM
1275;Centre estètic;C. Gran de San Andreu;Sant Andreu;Perruqueria;;No;432337,9817;4586742,549;FEM
1276;Centre cultural;Rambla de Fabra i Puig;Sant Andreu;Llibreria;;No;432280,4083;4586807,54;FEM
1277;Col·legi/Centre formatiu;Rambla de l'Onze de Setembre;Sant Andreu;Formació;;No;432322,0872;4586838,858;FEM
1278;Comerç de cura;Rambla de l'Onze de Setembre;Sant Andreu;Dentista;;No;432356,7019;4586846,393;FEM
1279;Centre estètic;C. Gran de San Andreu;Sant Andreu;Pilates;;No;432331,6239;4586698,339;FEM
1280;Centre estètic;C. Gran de San Andreu;Sant Andreu;Perruqueria;;No;432336,6866;4586686,212;FEM
1281;Centre estètic;C. de Sant Ildefons;Sant Andreu;Perruqueria;;No;432325,2661;4586673,261;FEM
1282;Comerç de cura;C. Gran de San Andreu;Sant Andreu;Coses de casa;;No;432342,338;4586670,671;FEM
1283;(Super)mercat;Rambla de Fabra i Puig;Sant Andreu;Supermercat;Dia;No;432236,4923;4586808,776;FEM
1284;Espai institucional;Rambla de Fabra i Puig;Sant Andreu;Serveis socials;;No;432193,8715;4586809,718;FEM
1285;(Super)mercat;Rambla de Fabra i Puig;Sant Andreu;Supermercat;Hallal;No;432184,4525;4586809,483;FEM
1286;Espai d'art;C. de Nadal;Sant Andreu;Música;;No;432162,7889;4586749,437;FEM
1287;Comerç de cura;C. de Nadal;Sant Andreu;Coses de casa;;No;432170,0886;4586769,923;FEM
1288;Element simbólic;Rambla de Fabra i Puig;Sant Andreu;Cartells;;No;432167,0274;4586839,623;FEM
1289;Element simbólic;Rambla de Fabra i Puig;Sant Andreu;Cartells;;No;432156,9021;4586841,978;FEM
1290;Element simbólic;Rambla de Fabra i Puig;Sant Andreu;Cartells;;No;432170,3241;4586839,152;FEM
1291;Comerç de cura;Rambla de Fabra i Puig;Sant Andreu;Roba;;No;432092,6176;4586813,015;FEM
1292;(Super)mercat;C. de Camil Fabra;Sant Andreu;Fruiteria;;No;432075,6635;4586772,749;FEM
1293;(Super)mercat;C. de Camil Fabra;Sant Andreu;Fruiteria;;No;432074,7216;4586780,048;FEM
1294;Comerç de cura;Rambla de Fabra i Puig;Sant Andreu;Forn;Santa Gloria;No;431957,6909;4586814,898;FEM
1295;Centre estètic;Passeig de Fabra i Puig;Sant Andreu;Esteticien;;No;431829,9461;4586819,608;FEM
1296;Centre estètic;C. de Concepción Arenal;Sant Andreu;Esteticien;;No;431861,0287;4586796,531;FEM
1297;Centre estètic;C. de Concepción Arenal;Sant Andreu;Esteticien;;No;431875,6281;4586889,779;FEM
1298;Centre estètic;C. de Concepción Arenal;Sant Andreu;Pilates;;No;431861,4997;4586869,293;FEM
1299;Comerç de cura;C. de Concepción Arenal;Sant Andreu;Dentista;;No;431856,7902;4586906,027;FEM
1300;Comerç de cura;C. de Concepción Arenal;Sant Andreu;Coses de casa;;No;431841,0134;4587075,333;FEM
1301;Comerç de cura;C. de Concepción Arenal;Sant Andreu;Centre mèdic;;No;431835,2443;4587125,018;FEM
1302;Comerç de cura;C. de Concepción Arenal;Sant Andreu;Roba;;No;431853,8468;4587108,77;FEM
1303;Centre estètic;C. de Concepción Arenal;Sant Andreu;Esteticien;;No;431850,0792;4587148,801;FEM
1304;Comerç de cura;Plaça de les Palmeres;Sant Andreu;Perruqueria;;No;431969,4646;4587126,902;FEM
1305;Comerç de cura;C. d'Irlanda;Sant Andreu;Ungles;;No;431989,7154;4586917,565;FEM
1306;Comerç de cura;C. de Llenguadoc;Sant Andreu;Roba;;No;432122,9938;4586915,21;FEM
1307;Comerç de cura;C. de Llenguadoc;Sant Andreu;Roba;;No;432044,1099;4586893,547;FEM
1308;(Super)mercat;C. de Llenguadoc;Sant Andreu;Rostisseria;;No;432015,1466;4586874,356;FEM
1309;Comerç de cura;C. de Llenguadoc;Sant Andreu;Roba;;No;432032,2185;4586879,536;FEM
1310;Comerç de cura;Rambla de l'Onze de Setembre;Sant Andreu;Roba;;No;432108,0412;4586840,212;FEM
1311;Comerç de cura;C. de les Monges;Sant Andreu;Dentista;;No;432141,9494;4586865,408;FEM
1312;Centre estètic;C. de les Monges;Sant Andreu;Perruqueria;;No;432146,6589;4586904,261;FEM
1313;Centre estètic;C. de les Monges;Sant Andreu;Perruqueria;;No;432149,2491;4586884,246;FEM
1314;Comerç de cura;C. Gran de San Andreu;Sant Andreu;Viatges;;No;432281,3881;4586957,229;FEM
1315;(Super)mercat;C. Gran de San Andreu;Sant Andreu;Formatgeria;;No;432267,7306;4586927,088;FEM
1316;Comerç de cura;C. Gran de San Andreu;Sant Andreu;Coses de casa;;No;432266,7887;4586931,091;FEM
1317;Centre estètic;C. Gran de San Andreu;Sant Andreu;Esteticien;;No;432268,9079;4586921,672;FEM
1318;Centre estètic;C. Gran de San Andreu;Sant Andreu;Esteticien;;No;432270,3208;4586915,314;FEM
1319;Comerç de cura;C. de Ramon Batllé;Sant Andreu;Veterinaria;;No;432303,2872;4587018,099;FEM
1320;Centre cultural;C. de Ramon Batllé;Sant Andreu;Centre cultural;;No;432290,4538;4587016,686;FEM
1321;(Super)mercat;C. Gran de San Andreu;Sant Andreu;Fruiteria;CalFruitós;No;432278,0914;4587005,854;FEM
1322;Comerç de cura;C. Gran de San Andreu;Sant Andreu;Dentista;;No;432277,5027;4586992,903;FEM
1323;Comerç de cura;C. Gran de San Andreu;Sant Andreu;Roba;;No;432261,8437;4586997,259;FEM
1324;Comerç de cura;C. Gran de San Andreu;Sant Andreu;Roba;;No;432262,3147;4586991,843;FEM
1325;Centre estètic;C. de Coroleu;Sant Andreu;Esteticien;;No;432250,4232;4587103,929;FEM
1326;Comerç de cura;C. de l'Abat Odó;Sant Andreu;Centre mèdic;;No;432241,7107;4587059,307;FEM
1327;Comerç de cura;C. Gran de San Andreu;Sant Andreu;Roba;;No;432258,4293;4587115,703;FEM
1328;Comerç de cura;C. Gran de San Andreu;Sant Andreu;Optica;;No;432258,7826;4587121,825;FEM
1329;Comerç de cura;C. Gran de San Andreu;Sant Andreu;Roba;;No;432259,018;4587127,005;FEM
1330;Comerç de cura;C. Gran de San Andreu;Sant Andreu;Roba;;No;432259,3712;4587133,128;FEM
1331;Centre estètic;C. Gran de San Andreu;Sant Andreu;Joyeria;;No;432259,9599;4587135,129;FEM
1332;Comerç de cura;C. Gran de San Andreu;Sant Andreu;Centre mèdic;;No;432259,3712;4587138,661;FEM
1333;Comerç de cura;C. Gran de San Andreu;Sant Andreu;Coses de casa;;No;432278,6801;4587166,565;FEM
1334;Comerç de cura;C. Gran de San Andreu;Sant Andreu;Dentista;;No;432279,0333;4587172,099;FEM
1335;Comerç de cura;C. d'Ignasi Iglesias;Sant Andreu;Dentista;;No;432073,8176;4587230,732;FEM
1336;Espai d'art;C. de Ruben Dario;Sant Andreu;DIY Cerámica;;No;431984,4666;4587306,812;FEM
1337;Espai d'art;C. de Concepción Arenal;Sant Andreu;DIY;;No;431855,5445;4587091,177;FEM
1338;(Super)mercat;Carretera de Ribes;Sant Andreu;Supermercat;;No;432248,8125;4588518,237;FEM
1339;(Super)mercat;Carretera de Ribes;Sant Andreu;Fruiteria;;No;432243,5296;4588574,134;FEM
1340;Comerç de cura;C. del Pare Manyanet;Sant Andreu;Forn;;No;432665,9913;4586591,682;FEM
1341;Comerç de cura;C. del Pare Manyanet;Sant Andreu;Farmàcia;;No;432688,3158;4586592,023;FEM
1342;Centre estètic;C. del Pare Manyanet;Sant Andreu;Joyeria;;No;432697,6887;4586586,229;FEM
1343;Espai institucional;C. de la industria;La Sagrera;CAS;;No;432269,0449;4585812,424;FEM
1344;Centre cultural;C. del camp de ferro;La Sagrera;Hort públic;;No;432529,005;4586367,117;FEM
1345;Esport;C. de Felip II;La sagrera;Ping pong;;No;432349,1164;4585469,39;MASC
1346;Esport;C. de Palencia;La sagrera;Bàsquet;;No;432392,1679;4585510,193;MASC
1347;Comerç;C. de Felip II;La sagrera;Reformes;;No;432315,8639;4585502;MASC
1348;Comerç;C. de Josep Estivill;La sagrera;Reformes;;No;432264,6197;4585581,517;MASC
1349;Club/Bar;C. de Josep Estivill;La sagrera;Bar;;No;432269,4389;4585592,441;MASC
1350;Club/Bar;C. de Josep Estivill;La sagrera;Bar;;No;432278,5954;4585597,099;MASC
1351;Esport;C. d'Hondures;La sagrera;Oquei;;No;432354,5781;4585656,375;MASC
1352;Club/Bar;C. de Costa Rica;La sagrera;Restaurant;;No;432346,2249;4585816,052;MASC
1353;Comerç;C. de Josep Estivill;La sagrera;Industria;;No;432386,2242;4585811,072;MASC
1354;Comerç;C. de Josep Estivill;La sagrera;Mecànic;;No;432394,4169;4585849,465;MASC
1355;Laboral (oficines);C. de la ciutat d'Elx;La sagrera;Immobiliaria;;No;432392,8105;4585888,661;MASC
1356;Comerç;C. de la ciutat d'Elx;La sagrera;Reformes;;No;432383,2524;4585884,404;MASC
1357;Comerç;C. de la ciutat d'Elx;La sagrera;Reformes;;No;432350,3212;4585891,311;MASC
1358;Club/Bar;C. de la ciutat d'Elx;La sagrera;Bar;;No;432372,4895;4585865,609;MASC
1359;Club/Bar;C. de Costa Rica;La sagrera;Restaurant;;No;432307,5909;4585889,062;MASC
1360;Laboral (oficines);C. de la Industria;La sagrera;Banc;;No;432255,3829;4585800,229;MASC
1361;Comerç;C. d'Hondures;La sagrera;Reformes;;No;432218,5963;4585786,895;MASC
1362;Comerç;C. d'Hondures;La sagrera;Reformes;;No;432270,0011;4585735,169;MASC
1363;Comerç;C. de la ciutat d'Elx;La sagrera;Reformes;;No;432293,7759;4585762,478;MASC
1364;Comerç;C. de la ciutat d'Elx;La sagrera;Reformes;;No;432297,6312;4585774,687;MASC
1365;Laboral (oficines);C. de la ciutat d'Elx;La sagrera;Oficina;;No;432303,093;4585784,325;MASC
1366;Club/Bar;C. d'Hondures;La sagrera;Bar;Hondures;No;432281,5672;4585684,407;MASC
1367;Laboral (oficines);C. d'Hondures;La sagrera;Advocat;;No;432271,2863;4585697,258;MASC
1368;Comerç;C. d'Hondures;La sagrera;Reformes;;No;432257,4712;4585712,68;MASC
1369;Club/Bar;C. d'Hondures;La sagrera;Bar;;No;432222,773;4585747,699;MASC
1370;Club/Bar;C. de Sant Antoni Maria Claret;La sagrera;Bar;;No;432200,6046;4585881,673;MASC
1371;Comerç;C. de Sant Antoni Maria Claret;La sagrera;Industria;;No;432238,5157;4585914,122;MASC
1372;Club/Bar;C. de Sant Antoni Maria Claret;La sagrera;Bar;;No;432203,6568;4585925,849;MASC
1373;Comerç;C. de Sant Antoni Maria Claret;La sagrera;Mecànic;;No;432213,2952;4585938,058;MASC
1374;Club/Bar;C. d'Hondures;La sagrera;Bar;;No;432123,9793;4585883,44;MASC
1375;Comerç;Passatge de Coello;La sagrera;Industria;;No;432139,0795;4585911,391;MASC
1376;Gimnàs;Passatge de Coello;La sagrera;Crossfit;;No;432139,5614;4585930,508;MASC
1377;Estació Pública;Passatge de Coello;La sagrera;Metro;;No;432104,7025;4585896,613;MASC
1378;Club/Bar;Av. Meridiana;La sagrera;Bar;;No;432089,9236;4585916,532;MASC
1379;Club/Bar;Av. Meridiana;La sagrera;Bar;;No;432098,5982;4585908,5;MASC
1380;Club/Bar;C. de Sant Antoni Maria Claret;La sagrera;Bar;;No;432121,7304;4585810,188;MASC
1381;Comerç;C. de Sant Antoni Maria Claret;La sagrera;Ferreteria;;No;432106,1483;4585793,642;MASC
1382;Laboral (oficines);Av. Meridiana;La sagrera;Banc;La Caixa;No;432089,6827;4585758,864;MASC
1383;Laboral (oficines);C. de Felip II;La sagrera;Banc;Sabadell;No;432089,8433;4585739,426;MASC
1384;Comerç;C. de Felip II;La sagrera;Industria;;No;432120,8468;4585701,676;MASC
1385;Comerç;C. de Felip II;La sagrera;Reformes;;No;432149,4408;4585671,797;MASC
1386;Club/Bar;C. de Sant Antoni Maria Claret;La sagrera;Restaurant;;No;432093,3774;4585782,478;MASC
1387;Laboral (oficines);Av. Meridiana;La sagrera;Telefònica;Orange;No;432090,8071;4585816,855;MASC
1388;Comerç;Av. Meridiana;La sagrera;Mecànic;;No;432083,2571;4585845,288;MASC
1389;Club/Bar;Av. Meridiana;La sagrera;Bar;;No;432084,0603;4585932,194;MASC
1390;Club/Bar;C. de Garcilaso;La sagrera;Restaurant;;No;432283,013;4585979,663;MASC
1391;Club/Bar;C. de Garcilaso;La sagrera;Bar;;No;432394,4972;4586012,113;MASC
1392;Club/Bar;C. Gran de la Sagrera;La sagrera;Restaurant;;No;432399,1558;4586033,799;MASC
1393;Comerç;C. Gran de la Sagrera;La sagrera;Reformes;;No;432398,8345;4586043,116;MASC
1394;Club/Bar;C. Gran de la Sagrera;La sagrera;Bar;;No;432420,3603;4586066,248;MASC
1395;Comerç;C. Gran de la Sagrera;La sagrera;Reformes;;No;432421,1635;4586076,369;MASC
1396;Comerç;C. Gran de la Sagrera;La sagrera;Reformes;;No;432418,4326;4586084,883;MASC
1397;Club/Bar;C. Gran de la Sagrera;La sagrera;Bar;;No;432393,694;4586148,817;MASC
1398;Club/Bar;C. Gran de la Sagrera;La sagrera;Bar;Equatorià ''hierbabuena'';No;432394,1759;4586160,223;MASC
1399;Comerç;C. Gran de la Sagrera;La sagrera;Mecànic;;No;432415,8623;4586190,905;MASC
1400;Comerç;C. Gran de la Sagrera;La sagrera;Mecànic;;No;432395,3004;4586170,022;MASC
1401;Club/Bar;C. Gran de la Sagrera;La sagrera;Restaurant;;No;432393,2121;4586198,777;MASC
1402;Club/Bar;C. d'Hondures;;Bar;;No;432271,7682;4586029,783;MASC
1403;Club/Bar;C. d'Hondures;La sagrera;Bar;;No;432283,8162;4586027,374;MASC
1404;Club/Bar;C. d'Hondures;;Bar;;No;432300,844;4586026,088;MASC
1405;Club/Bar;C. Gran de la Sagrera;La sagrera;Restaurant;;No;432392,6599;4586210,272;MASC
1406;Comerç;C. Berenguer de Pelou;La sagrera;Reformes;;No;432450,3297;4586163,687;MASC
1407;Simbologia;C. Gran de la Sagrera;La sagrera;Fàbrica;Façana conservada amb imatges obreres masculines;No;432392,3386;4586263,123;MASC
1408;Club/Bar;C. Gran de la Sagrera;La sagrera;Bar;;No;432387,5194;4586352,118;MASC
1409;Comerç;C. Portugal;La sagrera;Reformes;;No;432421,0932;4586342,318;MASC
1410;Comerç;C. Portugal;La sagrera;Reformes;;No;432446,153;4586333,644;MASC
1411;Comerç;C. Portugal;La sagrera;Reformes;Pintor (és reformes? Importa?);Sí;432437,7997;4586338,142;MASC
1412;Comerç;C. del Pacífic;La sagrera;Reformes;;No;432424,1453;4586319,99;MASC
1413;Club/Bar;C. Berenguer de Pelou;La sagrera;Restaurant;;No;432445,3498;4586369,788;MASC
1414;Club/Bar;C. Berenguer de Pelou;La sagrera;Bar;;No;432445,8317;4586376,053;MASC
1415;Comerç;C. Berenguer de Pelou;La sagrera;Reformes;;No;432443,1009;4586429,546;MASC
1416;Comerç;C. Berenguer de Pelou;La sagrera;Reformes;;No;432444,386;4586460,71;MASC
1417;Laboral (oficines);C. Gran de la Sagrera;La sagrera;Immobiliaria;;No;432412,258;4586382,639;MASC
1418;Club/Bar;C. Gran de la Sagrera;La sagrera;Bar;;No;432409,5271;4586418,141;MASC
1419;Comerç;C. Gran de la Sagrera;La sagrera;Armeria;;No;432408,8845;4586435,49;MASC
1420;Comerç;C. Gran de la Sagrera;La sagrera;Reformes;;No;432409,3664;4586428,261;MASC
1421;Club/Bar;C. Gran de la Sagrera;La sagrera;Bar;;No;432407,5994;4586445,449;MASC
1422;Club/Bar;C. Gran de la Sagrera;La sagrera;Bar;;No;432408,0813;4586452,678;MASC
1423;Club/Bar;C. Gran de la Sagrera;La sagrera;Bar;;No;432408,5632;4586459,586;MASC
1424;Club/Bar;C. de Pere Terré i Domenech;La sagrera;Restaurant;;No;432475,5502;4586351,475;MASC
1425;Comerç;C. Berenguer de Pelou;La sagrera;Reformes;;No;432470,1687;4586356,696;MASC
1426;Club/Bar;C. de Pere Terré i Domenech;La sagrera;Bar;;No;432499,4052;4586340,31;MASC
1427;Club/Bar;C. de Pere Terré i Domenech;La sagrera;Bar;;No;432522,2964;4586332,198;MASC
1428;Club/Bar;C. de Pere Terré i Domenech;La sagrera;Bar;;No;432511,1319;4586309,789;MASC
1429;Club/Bar;C. de Pere Terré i Domenech;La sagrera;Bar;;No;432519,2443;4586309,387;MASC
1430;Esport;Plaça de Kobe;La sagrera;Ping pong;;No;432614,9857;4586293,966;MASC
1431;Esport;C. del Pare Manyanet;La sagrera;Poliesportiu;;No;432634,5838;4586556,773;MASC
1432;Reciclatge;C. del Pare Manyanet;La sagrera;Estació mòbil;;No;432541,0913;4586559,022;MASC
1433;Comerç;Av. Meridiana;La sagrera;Gasolinera;;No;432014,8344;4585818,792;MASC
1434;Laboral (oficines);Av. Meridiana;La sagrera;Notaria;;No;432014,1919;4585851,563;MASC
1435;Comerç;Av. Meridiana;La sagrera;Immobiliaria;;No;432015,1557;4585865,378;MASC
1436;Comerç;C. de Felip II;La sagrera;Reformes;;No;431965,6786;4585873,731;MASC
1437;Comerç;Av. Meridiana;La sagrera;Ferreteria;;No;432016,7621;4585929,313;MASC
1438;Laboral (oficines);Av. Meridiana;La sagrera;Banc;;No;432027,3644;4586078,066;MASC
1439;Club/Bar;Av. Meridiana;La sagrera;Bar;;No;432027,0431;4586115,013;MASC
1440;Laboral (oficines);Av. Meridiana;La sagrera;Immobiliaria;;No;432011,9429;4586124,972;MASC
1441;Club/Bar;Av. Meridiana;La sagrera;Restaurant;;No;432014,1919;4586142;MASC
1442;Club/Bar;Av. Meridiana;La sagrera;Restaurant;Xinés;No;432013,5493;4586180,554;MASC
1443;Laboral (oficines);Av. Meridiana;La sagrera;Immobiliaria;;No;432011,6216;4586194,69;MASC
1444;Club/Bar;C. de Felip II;La sagrera;Restaurant;;No;431900,1374;4585927,706;MASC
1445;Comerç;C. de Felip II;La sagrera;Perruqueria;;No;431931,2213;4585900,398;MASC
1446;Comerç;C. d'Olesa;La sagrera;Reformes;;No;431870,8608;4585984,372;MASC
1447;Laboral (oficines);C. d'Olesa;La sagrera;Immobiliaria;;No;431878,9329;4585989,794;MASC
1448;Club/Bar;C. d'Olesa;La sagrera;Restaurant;;No;431892,5472;4586002,203;MASC
1449;Club/Bar;C. de Felip II;La sagrera;Bar;;No;431850,8611;4585980,276;MASC
1450;Club/Bar;C. de Felip II;La sagrera;Restaurant;Peruà;No;431825,3193;4586004,854;MASC
1451;Comerç;C. de Felip II;La sagrera;Material oficina;;No;431838,8131;4585991,842;MASC
1452;Comerç;C. de Concepción arenal;La sagrera;Reformes;;No;431820,8615;4586039,914;MASC
1453;Comerç;C. de Garcilaso;La sagrera;Casino;L'entenc com a masc per expressions d'èxit i poder;Sí;431866,0416;4586056,178;MASC
1454;Laboral (oficines);C. de Garcilaso;La sagrera;Banc;La caixa;No;431909,6553;4586050,395;MASC
1455;Club/Bar;C. d'Olesa;La sagrera;Bar;;No;431938,3296;4586101,479;MASC
1456;Club/Bar;C. de Garcilaso;La sagrera;Bar;;No;431854,355;4586056,54;MASC
1457;Club/Bar;C. de Garcilaso;La sagrera;Restaurant;;No;431844,4756;4586057,504;MASC
1458;Comerç;C. de Garcilaso;La sagrera;Perruqueria;Barberia tarantino (exemple);Sí;431835,8011;4586060,154;MASC
1459;Club/Bar;C. de Concepción arenal;La sagrera;Restaurant;;No;431822,7892;4586075,576;MASC
1460;Comerç;C. de Concepción arenal;La sagrera;Reformes;;No;431825,4398;4586097,744;MASC
1461;Club/Bar;C. de Concepción arenal;La sagrera;Bar;;No;431829,1747;4586123,647;MASC
1462;Club/Bar;C. de Concepción arenal;La sagrera;Bar;;No;431831,7048;4586132,442;MASC
1463;Laboral (oficines);C. de Cienfuegos;La sagrera;Assegurances;;No;431858,8128;4586138,105;MASC
1464;Club/Bar;C. de Cienfuegos;La sagrera;Bar;;No;431856,7646;4586159,912;MASC
1465;Club/Bar;C. de Emilia Pardo Bazán;La sagrera;Bar;;No;431891,1014;4586184,61;MASC
1466;Laboral (oficines);C. de Emilia Pardo Bazán;La sagrera;Assessoria;;No;431891,7038;4586192,923;MASC
1467;Comerç;C. de Concepción arenal;La sagrera;Reformes;;No;431842,4275;4586219,308;MASC
1468;Club/Bar;C. de Concepción arenal;La sagrera;Bar;;No;431841,8251;4586230,995;MASC
1469;Comerç;C. de Concepción arenal;La sagrera;Perruqueria;;No;431843,1504;4586240,995;MASC
1470;Laboral (oficines);C. de Concepción arenal;La sagrera;Immobiliaria;;No;431844,1142;4586249,187;MASC
1471;Comerç;C. de Concepción arenal;La sagrera;Reformes;;No;431844,1142;4586271,838;MASC
1472;Comerç;C. de Concepción arenal;La sagrera;Reformes;;No;431844,3552;4586279,307;MASC
1473;Club/Bar;C. de Concepción arenal;La sagrera;Bar;;No;431846,7648;4586286,536;MASC
1474;Laboral (oficines);C. de Concepción arenal;La sagrera;Assessoria;;No;431845,6804;4586283,283;MASC
1475;Comerç;C. Cardenal Tedeschini;La sagrera;Reformes;;No;431884,475;4586297,018;MASC
1476;Comerç;C. de Emilia Pardo Bazán;La sagrera;Reformes;;No;431898,3302;4586290,873;MASC
1477;Comerç;C. d'Olesa;La sagrera;Estanc;;No;431944,1126;4586151,599;MASC
1478;Club/Bar;C. d'Olesa;La sagrera;Bar;;No;431952,0643;4586167,743;MASC
1479;Club/Bar;C. d'Olesa;La sagrera;Bar;;No;431969,4135;4586227,983;MASC
1480;Esport;C. d'Olesa;La sagrera;Rocodrom;;No;431970,8592;4586240,995;MASC
1481;Comerç;C. d'Olesa;La sagrera;Compro oro;;No;431973,9917;4586253,766;MASC
1482;Club/Bar;Av. Meridiana;La sagrera;Bar;;No;431967,2448;4586276,898;MASC
1483;Club/Bar;C. Cardenal Tedeschini;La sagrera;Restaurant;Xinés;No;431957,1245;4586297,62;MASC
1484;Laboral (oficines);C. Cardenal Tedeschini;La sagrera;Advocat;;No;431916,1613;4586298,584;MASC
1485;Comerç;C. de Emilia Pardo Bazán;La sagrera;Material oficina;;No;431911,824;4586254,729;MASC
1486;Club/Bar;Av. Meridiana;La sagrera;Bar;;No;431964,8352;4586331,355;MASC
1487;Laboral (oficines);Av. Meridiana;La sagrera;Assegurances;;No;431941,2211;4586372,8;MASC
1488;Laboral (oficines);Av. Meridiana;La sagrera;Immobiliaria;;No;431939,0525;4586386,053;MASC
1489;Esport;Av. Meridiana;La sagrera;Gimnàs;;No;431915,7998;4586427,136;MASC
1490;Comerç;C. Cardenal Tedeschini;La sagrera;Reformes;;No;431891,8243;4586321,716;MASC
1491;Comerç;C. de Concepción arenal;La sagrera;Mecànic;;No;431844,5961;4586368,463;MASC
1492;Club/Bar;C. de Concepción arenal;La sagrera;Bar;;No;431844,8371;4586395,932;MASC
1493;Comerç;C. de Concepción arenal;La sagrera;Ferreteria;;No;431854,8369;4586530,99;MASC
1494;Laboral (oficines);Av. Meridiana;La sagrera;Notaria;;No;431888,5713;4586626,892;MASC
1495;Club/Bar;C. de Dublin;La sagrera;Bar;Japonés;No;431968,3291;4586632,916;MASC
1496;Club/Bar;Plaça de la Tolerància;La sagrera;Bar;;No;431968,8111;4586625,688;MASC
1497;Club/Bar;Plaça de la Tolerància;La sagrera;Restaurant;;No;431986,8831;4586595,086;MASC
1498;Laboral (oficines);Plaça de la Tolerància;La sagrera;Trading;;No;432005,9189;4586547,616;MASC
1499;Laboral (oficines);C. de Torroella de Montgrí;La sagrera;Assessoria;;No;432028,0872;4586543,279;MASC
1500;Club/Bar;Av. Meridiana;La sagrera;Restaurant;KFC;No;431960,1365;4586480,63;MASC
1501;Club/Bar;Av. Meridiana;La sagrera;Bar;;No;431965,9195;4586466,172;MASC
1502;Comerç;Av. Meridiana;La sagrera;Reformes;;No;431976,2808;4586482,316;MASC
1503;Club/Bar;Av. Meridiana;La sagrera;Restaurant;Peruà;No;432021,0994;4586391,715;MASC
1504;Club/Bar;Av. Meridiana;La sagrera;Restaurant;Peruà;No;432004,4129;4586423,341;MASC
1505;Club/Bar;Av. Meridiana;La sagrera;Restaurant;Peruà;No;431990,6782;4586457,317;MASC
1506;Club/Bar;Av. Meridiana;La sagrera;Restaurant;Peruà;No;431984,2927;4586469,244;MASC
1507;Club/Bar;Av. Meridiana;La sagrera;Restaurant;Indi;No;432000,7985;4586398,281;MASC
1508;Club/Bar;Av. Meridiana;La sagrera;Bar;;No;432015,0152;4586366,234;MASC
1509;Comerç;Av. Meridiana;La sagrera;Compro oro;;No;431988,7505;4586417,076;MASC
1510;Esport;C. del Pegàs;La sagrera;Gimnàs;;No;432047,4243;4586410,209;MASC
1511;Club/Bar;C. de Torroella de Montgrí;La sagrera;Restaurant;Colombia;No;432058,147;4586480,208;MASC
1512;Social/Relacional;C. de Torroella de Montgrí;La sagrera;;;No;432056,2193;4586494,425;MASC
1513;Comerç;C. de Portugal;;;;;432310,3118;4586385,39;MASC
1514;Laboral (oficines);C. de Portugal;La sagrera;Assessoria;;No;432293,6855;4586391,655;MASC
1515;Comerç;C. Antonio Ricardos;La sagrera;Reformes;;No;432244,2887;4586393,101;MASC
1516;Club/Bar;C. Antonio Ricardos;La sagrera;Bar;;No;432238,7466;4586379,848;MASC
1517;Comerç;C. de Portugal;La sagrera;Reformes;;No;432237,7828;4586416,715;MASC
1518;Comerç;C. del Pacífic;La sagrera;Carpinteria;;;432202,3616;4586387,559;MASC
1519;Comerç;C. del Pacífic;La sagrera;Reformes;;No;432194,0485;4586390,089;MASC
1520;Club/Bar;C. del Pacífic;La sagrera;Restaurant;;No;432111,2787;4586417,92;MASC
1521;Comerç;C. del Pegàs;La sagrera;Reformes;;No;432109,9534;4586452,738;MASC
1522;Comerç;C. del Pegàs;La sagrera;Perruqueria;;No;432080,6768;4586391,414;MASC
1523;Comerç;C. del Pegàs;La sagrera;Enviament de diners;;No;432083,4478;4586397,559;MASC
1524;Club/Bar;C. del Pacífic;La sagrera;Bar;;No;432129,3507;4586389,245;MASC
1525;Club/Bar;C. de Jambrina;La sagrera;Bar;;No;432181,3981;4586363,945;MASC
1526;Comerç;C. del Pacífic;La sagrera;Reformes;;No;432155,1335;4586365,631;MASC
1527;Club/Bar;C. de les Antilles;La sagrera;Bar;;No;432147,9047;4586299,608;MASC
1528;Comerç;C. de les Antilles;La sagrera;Fusteria;;No;432130,1941;4586295,873;MASC
1529;Club/Bar;C. de les Antilles;La sagrera;Bar;;No;432099,4717;4586290,693;MASC
1530;Laboral (oficines);Av. Meridiana;La sagrera;Banc;La Caixa;No;432067,5445;4586299,006;MASC
1531;Club/Bar;Av. Meridiana;La sagrera;Bar;;No;432050,4363;4586336,837;MASC
1532;Club/Bar;C. de les Antilles;La sagrera;Restaurant;;No;432182,7234;4586305,753;MASC
1533;Club/Bar;C. de les Antilles;La sagrera;Bar;;No;432175,0127;4586313,945;MASC
1534;Comerç;C. Antonio Ricardos;La sagrera;Mecànic;;No;432223,5661;4586335,993;MASC
1535;Club/Bar;C. de Jambrina;La sagrera;Bar;;No;432184,2896;4586340,812;MASC
1536;Comerç;C. Antonio Ricardos;La sagrera;Estanc;;No;432252,4813;4586346,114;MASC
1537;Club/Bar;C. Antonio Ricardos;La sagrera;Restaurant;;No;432249,5898;4586338,162;MASC
1538;Comerç;C. de Cortit;La sagrera;Reformes;;No;432295,4927;4586311,054;MASC
1539;Comerç;C. de Cortit;La sagrera;Ferreteria;;No;432311,2756;4586294,789;MASC
1540;Comerç;C. del Pacífic;La sagrera;Reformes;;No;432374,5276;4586324,066;MASC
1541;Laboral (oficines);C. de Monlau;La sagrera;Assessoria;;No;432358,3833;4586299,247;MASC
1542;Club/Bar;C. de Cortit;La sagrera;Restaurant;;No;432311,637;4586253,705;MASC
1543;Club/Bar;Plaça de Masadas;La sagrera;Restaurant;;No;432324,167;4586246,718;MASC
1544;Club/Bar;Plaça de Masadas;La sagrera;Restaurant;;No;432341,0342;4586250,573;MASC
1545;Club/Bar;Plaça de Masadas;La sagrera;Restaurant;;No;432358,6243;4586244,79;MASC
1546;Club/Bar;Plaça de Masadas;La sagrera;Bar;;No;432314,649;4586203,947;MASC
1547;Club/Bar;Plaça de Masadas;La sagrera;Bar;;No;432325,0103;4586207,08;MASC
1548;Club/Bar;Plaça de Masadas;La sagrera;Restaurant;;No;432341,0342;4586211,778;MASC
1549;Comerç;C. de Mossén Juliana;La sagrera;Industria;;No;432313,3238;4586156,358;MASC
1550;Comerç;C. de Martí Molins;La sagrera;Material oficina;;;432315,7334;4586137,322;MASC
1551;Comerç;C. de Martí Molins;La sagrera;Mecànic;;No;432343,8052;4586140,575;MASC
1552;Comerç;C. de Martí Molins;La sagrera;Fusteria;;No;432282,9628;4586138,286;MASC
1553;Comerç;C. de Martí Molins;La sagrera;Mecànic;;No;432238,2647;4586136,237;MASC
1554;Comerç;C. de Vallés i Ribot;La sagrera;Mecànic;;No;432226,2167;4586119,129;MASC
1555;Club/Bar;C. de Martí Molins;La sagrera;Bar;;No;432192,1208;4586149,129;MASC
1556;Comerç;C. de Vallés i Ribot;La sagrera;Mecànic;;No;432209,1085;4586179,128;MASC
1557;Club/Bar;C. de Coll;La sagrera;Bar;;No;432156,9407;4586197,803;MASC
1558;Laboral (oficines);C. de Coll;La sagrera;Immobiliaria;;No;432145,8565;4586198,044;MASC
1559;Comerç;C. de Coll;La sagrera;Mecànic;;No;432238,2647;4586203,706;MASC
1560;Club/Bar;C. de Vallés i Ribot;La sagrera;Bar;;No;432227,9034;4586219,851;MASC
1561;Club/Bar;C. de Vallés i Ribot;La sagrera;Bar;;No;432224,289;4586261,055;MASC
1562;Club/Bar;Plaça de Masadas;La sagrera;Restaurant;;No;432297,5409;4586221,055;MASC
1563;Club/Bar;Plaça de Masadas;La sagrera;Bar;;No;432299,9505;4586227,32;MASC
1564;Comerç;Plaça de Masadas;La sagrera;Reformes;;No;432299,3481;4586238,766;MASC
1565;;C. de Cortit;La sagrera;Bar;;No;432297,2999;4586263,705;MASC
1566;Esport;Plaça de la Assamblea de Catalunya;La sagrera;Ping pong;;No;432132,0013;4586262,982;MASC
1567;Comerç;C. de les Filipines;La sagrera;Reformes;;No;432102,7849;4586260,272;MASC
1568;Comerç;C. de les Filipines;La sagrera;Reformes;;No;432103,3873;4586251,477;MASC
1569;Laboral (oficines);C. de les Antilles;La sagrera;Assessoria;;No;432094,5922;4586266,537;MASC
1570;Club/Bar;C. de les Antilles;La sagrera;Bar;;No;432077,8455;4586263,043;MASC
1571;Comerç;Av. Meridiana;La sagrera;Perruqueria;;No;432077,1226;4586246,416;MASC
1572;Comerç;Av. Meridiana;La sagrera;Estanc;;No;432075,5564;4586241,236;MASC
1573;Club/Bar;Av. Meridiana;La sagrera;Bar;;No;432075,5564;4586234,248;MASC
1574;Club/Bar;Av. Meridiana;La sagrera;Restaurant;;No;432079,2913;4586187,381;MASC
1575;Laboral (oficines);C. de les Filipines;La sagrera;Oficina;;No;432104,1102;4586160,394;MASC
1576;Laboral (oficines);C. de les Filipines;La sagrera;Oficina;;No;432105,6764;4586191,839;MASC
1577;Laboral (oficines);Av. Meridiana;La sagrera;Immobiliaria;;No;432084,7129;4586133,286;MASC
1578;Esport;C. de les Filipines;La sagrera;Crossfit;;No;432100,8572;4586121,96;MASC
1579;Club/Bar;C. de Concepción arenal;Congrés i els Indians;Restaurant;;No;431798,2634;4586074,446;MASC
1580;Club/Bar;C. de Concepción arenal;Congrés i els Indians;Bar;;No;431800,1915;4586082,434;MASC
1581;Comerç;C. de Concepción arenal;Congrés i els Indians;Mecànic;;No;431801,8441;4586110,805;MASC
1582;Comerç;C. de Felip II;Congrés i els Indians;Mecànic;;No;431753,0912;4586081,057;MASC
1583;Comerç;C. de Felip II;Congrés i els Indians;Reformes;;No;431734,6367;4586104,194;MASC
1584;Comerç;C. de Jordi de Sant Jordi;Congrés i els Indians;Mecànic;;No;431739,0437;4586127,331;MASC
1585;Club/Bar;C. de Cienfuegos;Congrés i els Indians;Bar;;No;431679,8241;4586188,203;MASC
1586;Laboral (oficines);C. de Felip II;Congrés i els Indians;Immobiliaria;;No;431701,033;4586133,942;MASC
1587;Club/Bar;C. de Felip II;Congrés i els Indians;Restaurant;;No;431696,075;4586138,9;MASC
1588;Comerç;C. de Concepción arenal;Congrés i els Indians;Reformes;;No;431819,4723;4586250,177;MASC
1589;Comerç;C. de Concepción arenal;Congrés i els Indians;Estanc;;No;431820,0232;4586256,788;MASC
1590;Laboral (oficines);C. de Concepción arenal;Congrés i els Indians;Banc;;No;431818,9214;4586268,907;MASC
1591;Comerç;C. de Concepción arenal;Congrés i els Indians;Reformes;;No;431806,2512;4586291,769;MASC
1592;Comerç;C. Cardenal Tedeschini;Congrés i els Indians;Ferreteria;;No;431755,157;4586304,164;MASC
1593;Club/Bar;C. Cardenal Tedeschini;Congrés i els Indians;Bar;;No;431743,7951;4586304,99;MASC
1594;Club/Bar;C. Cardenal Tedeschini;Congrés i els Indians;Restaurant;;No;431730,5739;4586337,01;MASC
1595;Comerç;c. de Pardo;Congrés i els Indians;Informàtica;;No;431701,033;4586399,81;MASC
1596;Comerç;c. de Vèlia;Congrés i els Indians;Reformes;;No;431519,449;4586517,871;MASC
1597;Comerç;C. de Felip II;Congrés i els Indians;Vidreria;;No;431380,0073;4586467,569;MASC
1598;Comerç;C. de Felip II;Congrés i els Indians;Reformes;;No;431376,2889;4586471,907;MASC
1599;Club/Bar;C. de Felip II;Congrés i els Indians;Bar;;No;431392,1955;4586466,329;MASC
1600;Club/Bar;C. de Felip II;Congrés i els Indians;Bar;;No;431423,5957;4586432,863;MASC
1601;Club/Bar;C. de Felip II;Congrés i els Indians;Restaurant;;No;431467,5973;4586374,608;MASC
1602;Comerç;c. de l'Espiga;Congrés i els Indians;Industria;;No;431475,0342;4586385,763;MASC
1603;Laboral (oficines);c. de l'Espiga;Congrés i els Indians;Banc;La Caixa;No;431523,374;4586430,591;MASC
1604;Comerç;c. de l'Espiga;Congrés i els Indians;Informàtica;;No;431536,182;4586444,432;MASC
1605;Club/Bar;Plaça del Congrés Eucàristic;Congrés i els Indians;Restaurant;;No;431556,6334;4586388,242;MASC
1606;Club/Bar;Plaça del Congrés Eucàristic;Congrés i els Indians;Bar;;No;431567,3756;4586401,05;MASC
1607;Comerç;Plaça del Congrés Eucàristic;Congrés i els Indians;Reformes;;No;431547,5439;4586378,533;MASC
1608;Club/Bar;Plaça del Congrés Eucàristic;Congrés i els Indians;Bar;;No;431523,1674;4586355,189;MASC
1609;Laboral (oficines);C. de Felip II;Congrés i els Indians;Immobiliaria;;No;431497,3449;4586342,588;MASC
1610;Comerç;C. de Cep;Congrés i els Indians;Industria;;No;431598,9823;4586261,505;MASC
1611;Club/Bar;C. de Cep;Congrés i els Indians;Bar;;No;431633,0681;4586294,764;MASC
1612;Comerç;C. de Felip Bertran i Güell;Congrés i els Indians;Reformes;;No;431664,1584;4586209,137;MASC
1613;Laboral (oficines);C. de Felip Bertran i Güell;Congrés i els Indians;Immobiliaria;;No;431651,6603;4586196,949;MASC
1614;Club/Bar;C. de Felip II;Congrés i els Indians;Bar;;No;431645,2563;4586191,474;MASC
1615;Comerç;C. de Felip II;Congrés i els Indians;Ferreteria;;No;431642,8806;4586193,747;MASC
1616;Comerç;C. de Felip II;Congrés i els Indians;Carnisseria;Classe i carn com elemtns de la masculinitat (The butcher society);Sí;431641,0214;4586195,296;MASC
1617;Laboral (oficines);C. de Felip II;Congrés i els Indians;Immobiliaria;;No;431603,0623;4586187,343;MASC
1618;Club/Bar;C. de Felip II;Congrés i els Indians;Bar;;No;431590,6675;4586200,254;MASC
1619;DIY Hard;C. de Felip II;Congrés i els Indians;Fusteria;;No;431559,0607;4586233,203;MASC
1620;Comerç;Plaça del Dr. Modrego;Congrés i els Indians;Industria;;No;431509,2749;4586253,965;MASC
1621;Club/Bar;Plaça del Dr. Modrego;Congrés i els Indians;Bar;;No;431505,3499;4586249,936;MASC
1622;Laboral (oficines);Plaça del Dr. Modrego;Congrés i els Indians;Immobiliaria;;No;431524,1487;4586268,012;MASC
1623;Club/Bar;C. de Felip II;Congrés i els Indians;Restaurant;;No;431529,623;4586264,087;MASC
1624;Club/Bar;Plaça del Dr. Modrego;Congrés i els Indians;Bar;;No;431480,8701;4586312,22;MASC
1625;Comerç;Plaça del Dr. Modrego;Congrés i els Indians;Reformes;;No;431518,0545;4586261,918;MASC
1626;Club/Bar;C. d'Alexandre Galí;Congrés i els Indians;Bar;;No;431495,5373;4586237,232;MASC
1627;Comerç;C. d'Alexandre Galí;Congrés i els Indians;Mecànic;;No;431445,1317;4586289,083;MASC
1628;Club/Bar;C. de la Manigua;Congrés i els Indians;Restaurant;;No;431464,5503;4586201,287;MASC
1629;Club/Bar;C. de la Manigua;Congrés i els Indians;Bar;;No;431456,0805;4586137,247;MASC
1630;Comerç;C. del Prat d'en Roquet;Congrés i els Indians;Reformes;;No;431366,6312;4586314,493;MASC
1631;Comerç;C. del Prat d'en Roquet;Congrés i els Indians;Fusteria;;No;431382,3313;4586314,906;MASC
1632;Club/Bar;C. del Prat d'en Roquet;Congrés i els Indians;Bar;;No;431375,5142;4586313,253;MASC
1633;Club/Bar;C. del Prat d'en Roquet;Congrés i els Indians;Bar;;No;431338,7429;4586311,601;MASC
1634;Comerç;C. del Prat d'en Roquet;Congrés i els Indians;Reformes;;No;431337,9166;4586326,474;MASC
1635;Comerç;C. del Prat d'en Roquet;Congrés i els Indians;Reformes;;No;431319,531;4586333,085;MASC
1636;Comerç;C. d'Alexandre Galí;Congrés i els Indians;Mecànic;;No;431384,8103;4586352,09;MASC
1637;Comerç;C. de les Acàcies;Congrés i els Indians;Mecànic;;No;431333,3718;4586387,622;MASC
1638;Club/Bar;C. d'Alexandre Galí;Congrés i els Indians;Bar;;No;431316,0191;4586421,088;MASC
1639;Social/Relacional;C. d'Alexandre Galí;Congrés i els Indians;Espai social;Hogar extremeño;No;431317,2586;4586414,064;MASC
1640;Comerç;C. de Felip II;Congrés i els Indians;Reformes;;No;431384,0356;4586413,703;MASC
1641;Club/Bar;C. de Felip II;Congrés i els Indians;Bar;Peruà;Sí;431409,9614;4586357,255;MASC
1642;Comerç;C. de Felip II;Congrés i els Indians;Mecànic;;No;431459,2825;4586336,287;MASC
1643;Comerç;C. de Felip II;Congrés i els Indians;Reformes;;No;431470,0246;4586324,615;MASC
1644;Comerç;C. de Felip II;Congrés i els Indians;Reformes;;No;431365,5983;4586432,347;MASC
1645;Comerç;C. de Felip II;Congrés i els Indians;Fusteria;;No;431346,7995;4586451,352;MASC
1646;Comerç;C. de Felip II;Congrés i els Indians;Reformes;;No;431333,3718;4586465,193;MASC
1647;Club/Bar;C. d'Alexandre Galí;Congrés i els Indians;Bar;;No;431283,7926;4586455,897;MASC
1648;Gimnàs;C. de Ramón Albó;Congrés i els Indians;;;No;431268,0925;4586394,336;MASC
1649;Comerç;C. de Ramón Albó;Congrés i els Indians;Bodega;;No;431269,7451;4586366,654;MASC
1650;Estació Pública;Av. dels quinze;Congrés i els Indians;Metro;;No;431165,8353;4586392,683;MASC
1651;Comerç;Av. dels quinze;Congrés i els Indians;Reformes;;No;431169,7603;4586376,054;MASC
1652;Estació Pública;Passeig Maragall;Congrés i els Indians;Metro;;No;431247,2279;4586202,113;MASC
1653;Club/Bar;C. de Ramón Albó;Congrés i els Indians;Restaurant;;No;431242,8897;4586253,861;MASC
1654;Club/Bar;Av. dels quinze;Congrés i els Indians;Bar;;No;431227,4995;4586230,208;MASC
1655;Laboral (oficines);C. de Ramón Albó;Congrés i els Indians;Banc;La Caixa;No;431273,8767;4586180,216;MASC
1656;Comerç;C. de Ramón Albó;Congrés i els Indians;Estanc;;No;431273,6701;4586187,859;MASC
1657;Club/Bar;Passeig Maragall;Congrés i els Indians;Bar;;No;431276,5623;4586167,201;MASC
1658;Laboral (oficines);Passeig Maragall;Congrés i els Indians;Banc;Santander;No;431284,2057;4586153,36;MASC
1659;Laboral (oficines);C. de Ramón Albó;Congrés i els Indians;Banc;La Caixa;No;431273,7734;4586224,734;MASC
1660;Laboral (oficines);C. de Ramón Albó;Congrés i els Indians;Telefònica;Jazztel;No;431273,0504;4586210,273;MASC
1661;Comerç;C. de Ramón Albó;Congrés i els Indians;Mecànic;;No;431272,3274;4586306,229;MASC
1662;Comerç;C. de Ramón Albó;Congrés i els Indians;Transportista;;No;431271,7076;4586268,425;MASC
1663;Laboral (oficines);C. de Ramón Albó;Congrés i els Indians;Oficina;;No;431273,98;4586247,767;MASC
1664;Club/Bar;Passeig Maragall;Congrés i els Indians;Restaurant;;No;431321,4935;4586133,942;MASC
1665;Comerç;Passeig Maragall;Congrés i els Indians;Ferreteria;;No;431308,8921;4586136,421;MASC
1666;Comerç;Passeig Maragall;Congrés i els Indians;Gràfics;Exemple de clase>gènere;Sí;431351,0344;4586053,788;MASC
1667;Club/Bar;Passeig Maragall;Congrés i els Indians;Restaurant;Goiko;No;431356,8187;4586046,765;MASC
1668;Club/Bar;Passeig Maragall;Congrés i els Indians;Restaurant;;No;431362,6029;4586035,816;MASC
1669;Club/Bar;Passeig Maragall;Congrés i els Indians;Restaurant;;No;431383,2609;4586016,397;MASC
1670;Comerç;C. de Felip II;Congrés i els Indians;Estanc;;No;431301,4552;4586500,002;MASC
1671;Comerç;C. de Felip II;Congrés i els Indians;Reformes;;No;431279,3511;4586569,619;MASC
1672;Comerç;C. d'Arnau d'Oms;Congrés i els Indians;Perruqueria;;No;431270,4682;4586593,996;MASC
1673;Club/Bar;C. de la Riera d'Horta;Congrés i els Indians;Bar;;No;431275,2195;4586601,226;MASC
1674;Comerç;C. de la Riera d'Horta;Congrés i els Indians;Reformes;;No;431307,446;4586594,822;MASC
1675;Comerç;C. de Garcilaso;Congrés i els Indians;Perruqueria;;No;431456,7002;4586114,007;MASC
1676;Comerç;C. de Garcilaso;Congrés i els Indians;Reformes;;No;431497,2932;4586108,842;MASC
1677;Comerç;C. de Francesc de Tàrrega;Congrés i els Indians;Industria;;No;431512,3736;4586129,294;MASC
1678;Comerç;C. de Francesc de Tàrrega;Congrés i els Indians;Informàtica;;No;431518,9842;4586177,117;MASC
1679;Comerç;C. de Francesc de Tàrrega;Congrés i els Indians;Industria;;No;431522,2894;4586199,014;MASC
1680;Comerç;C. de Francesc de Tàrrega;Congrés i els Indians;Mecànic;;No;431528,9;4586140,346;MASC
1681;Social/Relacional;C. de Francesc de Tàrrega;Congrés i els Indians;Penya;Penya barcelonista;No;431528,6934;4586126,505;MASC
1682;Club/Bar;C. de Garcilaso;Congrés i els Indians;Restaurant;;No;431532,2053;4586109,152;MASC
1683;Club/Bar;C. de Garcilaso;Congrés i els Indians;Bar;;No;431549,558;4586106,88;MASC
1684;Estació Pública;C. de Garcilaso;Congrés i els Indians;Metro;;No;431538,1961;4586102,541;MASC
1685;Club/Bar;C. de Garcilaso;Congrés i els Indians;Restaurant;;No;431560,7134;4586105,64;MASC
1686;Laboral (oficines);C. de Garcilaso;Congrés i els Indians;Immobiliaria;;No;431579,099;4586101,922;MASC
1687;Club/Bar;C. de Puerto Principe;Congrés i els Indians;Restaurant;;No;431587,7754;4586108,326;MASC
1688;Club/Bar;C. de Garcilaso;Congrés i els Indians;Restaurant;Japó;No;431561,1265;4586076,925;MASC
1689;Comerç;C. de Puerto Principe;Congrés i els Indians;Mecànic;;No;431578,0661;4586057,3;MASC
1690;Laboral (oficines);C. de Felip II;Congrés i els Indians;Immobiliaria;;No;431640,6599;4586148,196;MASC
1691;Comerç;C. de Felip II;Congrés i els Indians;Suplements esportius;;No;431662,764;4586126,918;MASC
1692;Comerç;C. de Felip II;Congrés i els Indians;Reformes;;No;431650,1626;4586137,867;MASC
1693;Club/Bar;C. de Felip II;Congrés i els Indians;Restaurant;Hallal;No;431676,6049;4586107,912;MASC
1694;Laboral (oficines);C. de Garcilaso;Congrés i els Indians;Seguretat;;No;431635,0822;4586095,105;MASC
1695;Club/Bar;C. de Garcilaso;Congrés i els Indians;Restaurant;Hallal;No;431646,8573;4586092,626;MASC
1696;Estació Pública;C. de Garcilaso;Congrés i els Indians;Metro;;No;431650,1626;4586084,982;MASC
1697;Comerç;C. de Matanzas;Congrés i els Indians;Perruqueria;;No;431674,3325;4586100,682;MASC
1698;Laboral (oficines);C. de Matanzas;Congrés i els Indians;Oficina;;No;431669,168;4586063,291;MASC
1699;Laboral (oficines);C. de Garcilaso;Congrés i els Indians;Assegurances;;No;431712,1367;4586061,845;MASC
1700;Comerç;C. de Garcilaso;Congrés i els Indians;Reformes;;No;431694,3708;4586062,671;MASC
1701;Club/Bar;C. de Garcilaso;Congrés i els Indians;Restaurant;Colombià;No;431675,3654;4586067,216;MASC
1702;Comerç;C. de Garcilaso;Congrés i els Indians;Club cannabic;;No;431622,4808;4586067,629;MASC
1703;Club/Bar;C. de Garcilaso;Congrés i els Indians;Bar;;No;431630,5375;4586065,977;MASC
1704;Club/Bar;C. de Garcilaso;Congrés i els Indians;Bar;;No;431648,0968;4586064,944;MASC
1705;Comerç;C. de Garcilaso;Congrés i els Indians;Mecànic;;No;431637,148;4586064,944;MASC
1706;Laboral (oficines);C. de Matanzas;Congrés i els Indians;Estanc;;No;431654,9139;4586059,986;MASC
1707;Laboral (oficines);C. de Jordi de Sant Jordi;Congrés i els Indians;Industria;;No;431721,2262;4586001,317;MASC
1708;Comerç;C. de Jordi de Sant Jordi;Congrés i els Indians;Informàtica;;No;431736,9263;4586004,829;MASC
1709;Club/Bar;C. de Jordi de Sant Jordi;Congrés i els Indians;Bar;;No;431740,4381;4586034,783;MASC
1710;Laboral (oficines);C. de Felip II;Congrés i els Indians;Assegurances;;No;431749,5277;4586036,849;MASC
1711;Club/Bar;C. de Concepción arenal;Congrés i els Indians;Bar;;No;431793,5293;4585965,785;MASC
1712;Comerç;C. de Concepción arenal;Congrés i els Indians;Reformes;;No;431794,149;4585976,527;MASC
1713;Club/Bar;C. de Concepción arenal;Congrés i els Indians;Restaurant;Telepizza;No;431792,0832;4585989,335;MASC
1714;Club/Bar;Plaça de Ron Quemado;Congrés i els Indians;Restaurant;;No;431756,1382;4585931,906;MASC
1715;Social/Relacional;C. de Jordi de Sant Jordi;Congrés i els Indians;Associació;Festes del barri;No;431717,7143;4585884,599;MASC
1716;Club/Bar;C. de Jordi de Sant Jordi;Congrés i els Indians;Bar;;No;431702,2208;4585868,279;MASC
1717;Comerç;C. de Jordi de Sant Jordi;Congrés i els Indians;Mecànic;;No;431709,6577;4585925,502;MASC
1718;Comerç;C. de Matanzas;Congrés i els Indians;Mecànic;;No;431648,7165;4585918,892;MASC
1719;Club/Bar;C. de Campo Florido;Congrés i els Indians;Bar;;No;431626,4059;4585876,749;MASC
1720;Comerç;C. de Campo Florido;Congrés i els Indians;Reformes;;No;431673,7127;4585856,918;MASC
1721;Club/Bar;C. de Campo Florido;Congrés i els Indians;Bar;;No;431654,5008;4585859,81;MASC
1722;Club/Bar;C. d'Olesa;Congrés i els Indians;Bar;;No;431675,1588;4585790,192;MASC
1723;Club/Bar;C. d'Olesa;Congrés i els Indians;Bar;;No;431644,1718;4585761,477;MASC
1724;Comerç;C. de Biscaia;Congrés i els Indians;Perruqueria;;No;431657,3929;4585782,962;MASC
1725;Club/Bar;Plaça de Maragall;Congrés i els Indians;Bar;;No;431599,757;4585741,026;MASC
1726;Club/Bar;Plaça de Maragall;Congrés i els Indians;Bar;;No;431607,6071;4585732,35;MASC
1727;Laboral (oficines);Passatge de Can Berdura;Congrés i els Indians;Arquitectes;;No;431572,695;4585800,521;MASC
1728;Club/Bar;Plaça de Maragall;Congrés i els Indians;Bar;;No;431569,8029;4585770,36;MASC
1729;Club/Bar;Plaça de Maragall;Congrés i els Indians;Bar;;No;431565,0515;4585777,797;MASC
1730;Club/Bar;Plaça de Maragall;Congrés i els Indians;Bar;;No;431557,2015;4585782,342;MASC
1731;Laboral (oficines);C. de Puerto Principe;Congrés i els Indians;Immobiliaria;;No;431540,2619;4585793,497;MASC
1732;Laboral (oficines);C. de Puerto Principe;Congrés i els Indians;Assegurances;;No;431542,7409;4585806,925;MASC
1733;Club/Bar;Passeig Maragall;Congrés i els Indians;Bar;;No;431484,4853;4585856,298;MASC
1734;Comerç;Passeig Maragall;Congrés i els Indians;Immobiliaria;;No;431497,913;4585837,086;MASC
1735;Club/Bar;Passeig Maragall;Congrés i els Indians;Restaurant;;No;431512,167;4585816,634;MASC
1736;Club/Bar;Passeig Maragall;Congrés i els Indians;Bar;;No;431501,838;4585830,888;MASC
1737;Comerç;C. de Campo Florido;Congrés i els Indians;Industria;;No;431546,2527;4585874,89;MASC
1738;Comerç;C. de Puerto Principe;Congrés i els Indians;Reformes;;No;431550,1778;4585855,471;MASC
1739;Club/Bar;C. de Puerto Principe;Congrés i els Indians;Bar;;No;431570,6292;4585884,599;MASC
1740;Comerç;C. de Puerto Principe;Congrés i els Indians;Arquitectes;;No;431570,216;4585897,82;MASC
1741;Gimnàs;C. de Puerto Principe;Congrés i els Indians;Gimnàs;;No;431576,0003;4585935,831;MASC
1742;Comerç;C. de Puerto Principe;Congrés i els Indians;Reformes;;No;431556,5818;4585902,159;MASC
1743;Comerç;C. de Campo Florido;Congrés i els Indians;Industria;;No;431520,6368;4585891,623;MASC
1744;Club/Bar;C. de Francesc de Tàrrega;Congrés i els Indians;Bar;;No;431495,0208;4585907,736;MASC
1745;Comerç;C. de Pinar del Rio;Congrés i els Indians;Industria;;No;431530,1395;4585981,279;MASC
1746;Club/Bar;C. de Pinar del Rio;Congrés i els Indians;Bar;;No;431517,1249;4586003,589;MASC
1747;Comerç;C. de Francesc de Tàrrega;Congrés i els Indians;Reformes;;No;431490,6827;4585972,396;MASC
1748;Comerç;C. de Francesc de Tàrrega;Congrés i els Indians;Mecànic;;No;431486,7576;4585944,921;MASC
1749;Club/Bar;C. de Pinar del Rio;Congrés i els Indians;Restaurant;Italià;No;431464,447;4585991,401;MASC
1750;Comerç;Passeig Maragall;Congrés i els Indians;Ferreteria;;No;431459,2825;4585897,614;MASC
1751;Comerç;Passeig Maragall;Congrés i els Indians;Paqueteria;;No;431446,6811;4585911,248;MASC
1752;Comerç;C. de la Manigua;Congrés i els Indians;Mecànic;;No;431409,2901;4585997,599;MASC
1753;Laboral (oficines);Passeig Maragall;Congrés i els Indians;Immobiliaria;;No;431390,4913;4585995,533;MASC
1754;Club/Bar;Passeig Maragall;Congrés i els Indians;Bar;;No;431371,899;4586020,322;MASC
1755;Club/Bar;Passeig Maragall;Congrés i els Indians;Bar;;No;431377,6833;4586016,191;MASC
1756;Club/Bar;C. de Pinar del Rio;Congrés i els Indians;Bar;Asiàtic;No;431386,7728;4586014,951;MASC
1757;Club/Bar;C. de la Manigua;Congrés i els Indians;Bar;;No;431411,769;4586015,571;MASC
1758;Club/Bar;C. de la Manigua;Congrés i els Indians;Bar;;No;431413,6282;4586028,586;MASC
1759;Comerç;C. de la Manigua;Congrés i els Indians;Ferreteria;;No;431417,3467;4586055,441;MASC
1760;Club/Bar;C. de la Manigua;Congrés i els Indians;Bar;;No;431421,8915;4586085,808;MASC
1761;Comerç;C. de la Manigua;Congrés i els Indians;Informàtica;;No;431423,7507;4586094,898;MASC
1762;Comerç;C. de Garcilaso;Congrés i els Indians;Perruqueria;;No;431463,0009;4586113,284;MASC
1763;Comerç;C. de Garcilaso;Congrés i els Indians;Arquitectes;;No;431478,0813;4586094,898;MASC
1764;Comerç;C. de Francesc de Tàrrega;Congrés i els Indians;Reformes;;No;431507,8288;4586081,47;MASC
1765;Comerç;C. de Francesc de Tàrrega;Congrés i els Indians;Mecànic;;No;431502,8709;4586063,291;MASC
1766;Gimnàs;C. de Francesc de Tàrrega;Congrés i els Indians;Gimnàs;;No;431501,2183;4586050,277;MASC
1767;Comerç;C. de Francesc de Tàrrega;Congrés i els Indians;Reformes;;No;431499,5656;4586038,295;MASC
1768;Comerç;C. de Pinar del Rio;Congrés i els Indians;Mecànic;;No;431456,5969;4586006,172;MASC
1769;Club/Bar;C. de Puerto Principe;Congrés i els Indians;Restaurant;;No;431585,8129;4586001,214;MASC
1770;Club/Bar;C. de Pinar del Rio;Congrés i els Indians;Bar;;No;431600,48;4585986,34;MASC
1771;Comerç;C. de Pinar del Rio;Congrés i els Indians;Mecànic;;No;431621,1381;4585981,795;MASC
1772;Laboral (oficines);C. de Sant Adrià;El Bonpastor;Immobiliaria;;No;433549,3836;4587490,915;MASC
1773;Social/Relacional;C. d'Arbeca;El Bonpastor;Banc;;No;433897,2521;4587454,223;MASC
1774;Club/Bar;C. de Llinars del Vallés;El Bonpastor;Bar;;No;433733,1768;4587472,152;MASC
1775;Comerç;C. Cretes;El Bonpastor;Estanc;;No;433637,8284;4587449,334;MASC
1776;Comerç;C. Cretes;El Bonpastor;Perruqueria;;No;433637,0814;4587453,069;MASC
1777;Club/Bar;C. Cretes;El Bonpastor;Bar;;No;433633,1425;4587458,026;MASC
1778;Club/Bar;Passeig d'Enric Sanchis;El Bonpastor;Bar;;No;433598,3715;4587385,225;MASC
1779;Club/Bar;C. de l'Estadella;El Bonpastor;Bar;;No;433619,0168;4587396,091;MASC
1780;Club/Bar;C. d'Òrrius;El Bonpastor;Bar;;No;433704,5858;4587357,924;MASC
1781;Club/Bar;C. de Llinars del Vallés;El Bonpastor;Bar;;No;433755,384;4587359,826;MASC
1782;Club/Bar;Passeig d'Enric Sanchis;El Bonpastor;Restaurant;;No;433617,7944;4587293,951;MASC
1783;Club/Bar;Passeig d'Enric Sanchis;El Bonpastor;Bar;;No;433621,3258;4587279,554;MASC
1784;Club/Bar;C. de Flix;El Bonpastor;Bar;;No;433530,6294;4587371,235;MASC
1785;Club/Bar;C. de Flix;El Bonpastor;Bar;;No;433522,2762;4587367,534;MASC
1786;Reciclatge;C. de l'Estadella;El Bonpastor;Estació mòbil;;No;433561,4274;4587390,895;MASC
1787;Club/Bar;C. de Flix;El Bonpastor;Bar;;No;433480,8838;4587420,641;MASC
1788;Social/Relacional;C. de Flix;El Bonpastor;Banc;;No;433483,4645;4587436,668;MASC
1789;Comerç;C. del Barri Vermell;El Bonpastor;Ferreteria;;No;433401,9701;4587429,605;MASC
1790;Club/Bar;C. de l'Estadella;El Bonpastor;Bar;;No;433405,6374;4587392,389;MASC
1791;Reciclatge;C. de Sant Adrià;El Bonpastor;Estació mòbil;;No;433354,7034;4587442,78;MASC
1792;Comerç;C. de la Formiga;El Bonpastor;Reformes;;No;433305,3993;4587361,693;MASC
1793;Club/Bar;C. de la Formiga;El Bonpastor;Bar;;No;433350,5608;4587257,414;MASC
1794;Comerç;C. del Foc Follet;El Bonpastor;Mecànic;;No;433355,8579;4587264,681;MASC
1795;Comerç;C. del Foc Follet;El Bonpastor;Reformes;;No;433390,2893;4587269,571;MASC
1796;Club/Bar;C. del Foc Follet;El Bonpastor;Bar;Ecuatorià;Sí;433601,4276;4587291,167;MASC
1797;Comerç;C. dels Cresques;El Bonpastor;Gasolinera;;No;433556,334;4587222,168;MASC
1798;Comerç;C. de Josep Finestres;El Bonpastor;Ferreteria;;No;433599,9335;4587176,531;MASC
1799;Comerç;C. de Josep Finestres;El Bonpastor;Industria;;No;433578,8808;4587189,842;MASC
1800;Comerç;C. de Josep Finestres;El Bonpastor;Mecànic;;No;433619,8996;4587165,122;MASC
1801;Comerç;Passeig d'Enric Sanchis;El Bonpastor;Reformes;;No;433653,3123;4587200,3;MASC
1802;Laboral (oficines);Passeig d'Enric Sanchis;El Bonpastor;Oficina;;No;433658,7453;4587155,75;MASC
1803;Club/Bar;C. de Josep Finestres;El Bonpastor;Restaurant;;No;433657,6587;4587145,156;MASC
1804;Laboral (oficines);C. de Josep Finestres;El Bonpastor;Oficina;;No;433639,1866;4587130,487;MASC
1805;Comerç;C. de Josep Finestres;El Bonpastor;Industria;;No;433601,835;4587154,392;MASC
1806;Comerç;C. de Josep Finestres;El Bonpastor;Industria;;No;433582,2764;4587165,665;MASC
1807;Comerç;C. de Fra Juníper Serra;El Bonpastor;Gasolinera;;No;433614,6025;4587081,115;MASC
1808;Comerç;C. de Santander;El Bonpastor;Gasolinera;;No;433735,4858;4587119,961;MASC
1809;Comerç;C. de Santander;El Bonpastor;Mecànic;;No;433746,3517;4587143,594;MASC
1810;Comerç;C. dels Cresques;El Bonpastor;Industria;;No;433755,1802;4587281,863;MASC
1811;Reciclatge;C. de Santander;El Bonpastor;;;No;433844,1449;4587285,53;MASC
1812;Laboral (oficines);C. de Santander;El Bonpastor;Oficina;;No;433844,1449;4587297,347;MASC
1813;Comerç;C. de Santander;El Bonpastor;Industria;;No;433865,673;4587328,45;MASC
1814;Comerç;C. de l'Avançada;El Bonpastor;Industria;;No;433915,1129;4587342,033;MASC
1815;Social/Relacional;C. de l'Avançada;El Bonpastor;Club musical;;No;433938,6105;4587273,985;MASC
1816;Club/Bar;C. de l'Avançada;El Bonpastor;Bar;;No;433949,6122;4587252,253;MASC
1817;Comerç;C. de l'Avançada;El Bonpastor;Industria;;No;433976,4374;4587173,068;MASC
1818;Comerç;C. de l'Avançada;El Bonpastor;Industria;;No;433963,5341;4587172,117;MASC
1819;Comerç;C. de l'Avançada;El Bonpastor;Reformes;;No;433968,7634;4587198,738;MASC
1820;Comerç;C. de l'Avançada;El Bonpastor;Industria;;No;433951,3779;4587245,326;MASC
1821;Club/Bar;C. de Biosca;El Bonpastor;Restaurant;;No;433722,1071;4587564,376;MASC
1822;Club/Bar;C. de Sant Adrià;El Bonpastor;Bar;;No;433710,4263;4587517,11;MASC
1823;Club/Bar;C. de Sant Adrià;El Bonpastor;Bar;;No;433673,1426;4587516,498;MASC
1824;Comerç;C. de Barnola;El Bonpastor;Reformes;;No;433655,9609;4587541,898;MASC
1825;Laboral (oficines);C. de Claramunt;El Bonpastor;Informàtica;;No;433606,3851;4587558,332;MASC
1826;Club/Bar;C. d'Alfarràs;El Bonpastor;Bar;;No;433596,7416;4587550,183;MASC
1827;Club/Bar;C. de Claramunt;El Bonpastor;Bar;;No;433620,9183;4587559,555;MASC
1828;Club/Bar;Plaça de Vilabesós;El Bonpastor;Bar;;No;433635,3156;4587657,755;MASC
1829;Comerç;Plaça de Vilabesós;El Bonpastor;Reformes;;No;433662,4804;4587669,572;MASC
1830;Club/Bar;C. de Bellmunt;El Bonpastor;Bar;;No;433653,516;4587725,803;MASC
1831;Comerç;C. d'Alfarràs;El Bonpastor;Reformes;;No;433561,1558;4587690,896;MASC
1832;Comerç;C. d'Alfarràs;El Bonpastor;Reformes;;No;433563,7364;4587674,326;MASC
1833;Club/Bar;C. de Sas;El Bonpastor;Bar;;No;433528,4222;4587652,187;MASC
1834;Club/Bar;C. de Tàrrega;El Bonpastor;Restaurant;;No;433560,8841;4587633,986;MASC
1835;Club/Bar;C. de Tàrrega;El Bonpastor;Restaurant;;No;433536,1642;4587635,752;MASC
1836;Laboral (oficines);C. d'Alfarràs;El Bonpastor;Assegurances;;No;433566,8604;4587622,034;MASC
1837;Club/Bar;C. d'Alfarràs;El Bonpastor;Bar;;No;433580,4428;4587574,224;MASC
1838;Laboral (oficines);C. de Claramunt;El Bonpastor;Immobiliaria;;No;433544,7211;4587562,271;MASC
1839;Club/Bar;C. de Claramunt;El Bonpastor;Bar;;No;433539,8314;4587546,516;MASC
1840;Club/Bar;C. de Sant Adrià;El Bonpastor;Bar;;No;433584,5175;4587496,532;MASC
1841;Laboral (oficines);C. de Sant Adrià;El Bonpastor;Immobiliaria;;No;433478,9823;4587483,086;MASC
1842;Club/Bar;C. de Claramunt;El Bonpastor;Bar;;No;433480,0689;4587550,862;MASC
1843;Comerç;C. de Sas;El Bonpastor;Estanc;;No;433514,0249;4587568,519;MASC
1844;Comerç;C. de Tàrrega;El Bonpastor;Institut;;No;433468,6597;4587607,229;MASC
1845;Laboral (oficines);Plaça de Sant Pol de Mar;El Bonpastor;Oficina;;No;433395,179;4587595,684;MASC
1846;Laboral (oficines);C. de la Sèquia Madriguera;El Bonpastor;Oficina;;No;433417,7257;4587584,546;MASC
1847;Comerç;C. de la Costa Brava;El Bonpastor;Mecànic;;No;433336,9105;4587578,027;MASC
1848;Comerç;C. de la Costa Brava;El Bonpastor;Industria;;No;433339,627;4587554,529;MASC
1849;Comerç;C. de la Costa Brava;El Bonpastor;Mecànic;;No;433346,9615;4587513,51;MASC
1850;Comerç;C. de la Costa Brava;El Bonpastor;Mecànic;;No;433347,5048;4587487,704;MASC
1851;Comerç;C. de Sant Adrià;El Bonpastor;Industria;Xinés;No;433371,2739;4587471,541;MASC
1852;Comerç;C. de la Costa Brava;El Bonpastor;Gasolinera;;No;433315,3145;4587484,852;MASC
1853;Comerç;C. de Sant Adrià;El Bonpastor;Gasolinera;;No;433275,6539;4587468,009;MASC
1854;Comerç;C. de la Costa Brava;El Bonpastor;Industria;;No;433320,7474;4587513,103;MASC
1855;Comerç;C. de la Costa Brava;El Bonpastor;Industria;;No;433306,0785;4587598,944;MASC
1856;Comerç;C. de la Costa Brava;El Bonpastor;Industria;;No;433311,7831;4587567,704;MASC
1857;Comerç;C. de la Costa Brava;El Bonpastor;Industria;;No;433327,8103;4587653,002;MASC
1858;Laboral (oficines);C. de la Costa Brava;El Bonpastor;Oficina;;No;433298,4723;4587671,202;MASC
1859;Laboral (oficines);C. de la Ciutat d'Asunció;El Bonpastor;Oficina;;No;433236,265;4587670,387;MASC
1860;Comerç;C. de la Ciutat d'Asunció;El Bonpastor;Industria;Xinés;No;433240,068;4587633,443;MASC
1861;Comerç;C. de la Ciutat d'Asunció;El Bonpastor;Gasolinera;;No;433257,4535;4587621,49;MASC
1862;Comerç;C. de la Ciutat d'Asunció;El Bonpastor;Mecànic;;No;433246,0443;4587592,424;MASC
1863;Laboral (oficines);C. de la Ciutat d'Asunció;El Bonpastor;Oficina;;No;433250,6623;4587557,517;MASC
1864;Comerç;C. de la Ciutat d'Asunció;El Bonpastor;Industria;;No;433216,8421;4587491,914;MASC
1865;Comerç;C. de la Ciutat d'Asunció;El Bonpastor;Industria;;No;433239,7964;4587373,544;MASC
1866;Esport;C. de la Costa Daurada;El Bonpastor;Bàsquet;;No;433385,9429;4587729,946;MASC
1867;Club/Bar;C. de la Ciutat d'Asunció;El Bonpastor;Bar;;No;433220,2377;4587778,027;MASC
1868;Social/Relacional;C. de Lima;El Bonpastor;;;No;433278,642;4587806,279;MASC
1869;Social/Relacional;C. de Lima;El Bonpastor;;;No;433325,3655;4587815,107;MASC
1870;Social/Relacional;C. de Lima;El Bonpastor;;;No;433373,7188;4587824,208;MASC
1871;Club/Bar;C. de Lima;El Bonpastor;Bar;;No;433340,3061;4587826,924;MASC
1872;Comerç;C. de Lima;El Bonpastor;Càtering;;No;433293,5827;4587820,948;MASC
1873;Club/Bar;C. de Lima;El Bonpastor;Bar;;No;433253,3788;4587813,206;MASC
1874;Comerç;C. de Lima;El Bonpastor;Mecànic;;No;433257,9968;4587846,075;MASC
1875;Laboral (oficines);C. de Lima;El Bonpastor;Oficina;;No;433401,3589;4587868,622;MASC
1876;Laboral (oficines);C. de Lima;El Bonpastor;Oficina;;No;433383,8377;4587866,72;MASC
1877;Laboral (oficines);C. de Caracas;El Bonpastor;Oficina;;No;433446,1808;4587924,446;MASC
1878;Laboral (oficines);C. de Lima;El Bonpastor;Oficina;;No;433356,2654;4587861,831;MASC
1879;Comerç;C. de Lima;El Bonpastor;Industria;;No;433311,7152;4587856,126;MASC
1880;Comerç;C. de la Ciutat d'Asunció;El Bonpastor;Concesionari;;No;433210,3905;4587865,77;MASC
1881;Club/Bar;C. de la Ciutat d'Asunció;El Bonpastor;Bar;;No;433204,4143;4587951,61;MASC
1882;Comerç;C. de la Ciutat d'Asunció;El Bonpastor;Concesionari;;No;433192,7334;4588012,595;MASC
1883;Comerç;C. de la Ciutat d'Asunció;El Bonpastor;Reformes;;No;433196,9439;4587980,541;MASC
1884;Comerç;C. de la Ciutat d'Asunció;El Bonpastor;Reformes;;No;433191,1035;4588022,646;MASC
1885;Comerç;C. de la Ciutat d'Asunció;El Bonpastor;Concesionari;;No;433188,7945;4588082,137;MASC
1886;Comerç;C. de la Ciutat d'Asunció;El Bonpastor;Reformes;;No;433187,9796;4588048,181;MASC
1887;Comerç;C. de la Ciutat d'Asunció;El Bonpastor;Concesionari;;No;433176,2987;4588135,923;MASC
1888;Laboral (oficines);C. de la Ciutat d'Asunció;El Bonpastor;Oficina;;No;433177,1137;4588149,778;MASC
1889;Comerç;C. de la Ciutat d'Asunció;El Bonpastor;Concesionari;;No;433168,6926;4588196,501;MASC
1890;Comerç;Pont del Potosí;El Bonpastor;Reformes;;No;433190,696;4588215,788;MASC
1891;Comerç;C. de la Ciutat d'Asunció;El Bonpastor;Gasolinera;;No;433117,0795;4588187,265;MASC
1892;Comerç;C. de la Ciutat d'Asunció;El Bonpastor;Concesionari;;No;433137,4531;4588158,199;MASC
1893;Comerç;C. de la Ciutat d'Asunció;El Bonpastor;Concesionari;;No;433149,1339;4588075,074;MASC
1894;Comerç;C. de la Ciutat d'Asunció;El Bonpastor;Concesionari;;No;433138,5397;4588142,715;MASC
1895;Comerç;C. de la Ciutat d'Asunció;El Bonpastor;Concesionari;;No;433166,791;4587943,054;MASC
1896;Comerç;C. de la Ciutat d'Asunció;El Bonpastor;Concesionari;;No;433161,3581;4587986,517;MASC
1897;Comerç;C. de la Ciutat d'Asunció;El Bonpastor;Concesionari;;No;433172,224;4587884,921;MASC
1898;Club/Bar;c. de Sao Paulo;El Bonpastor;Bar;;No;433021,7311;4587781,966;MASC
1899;Laboral (oficines);c. de Sao Paulo;El Bonpastor;Banc;;No;432864,3791;4587762,544;MASC
1900;Social/Relacional;Passatge Posoltega;El Bonpastor;Banc;;No;432890,8647;4587703,664;MASC
1901;Club/Bar;Passatge Posoltega;El Bonpastor;Bar;;No;432866,9597;4587726,618;MASC
1902;Club/Bar;Passatge Posoltega;El Bonpastor;Bar;;No;432829,6082;4587655,039;MASC
1903;Club/Bar;Passatge Posoltega;El Bonpastor;Bar;Japonés;No;432840,2024;4587677,586;MASC
1904;Comerç;C. de Ferran Junoy;El Bonpastor;Reformes;;No;432782,3414;4587665,905;MASC
1905;Club/Bar;Passatge Posoltega;El Bonpastor;Bar;;No;432846,722;4587694,156;MASC
1906;Club/Bar;Passeig de l'Havana;El Bonpastor;Restaurant;;No;432852,902;4587559,623;MASC
1907;Comerç;Passeig de l'Havana;El Bonpastor;Mecànic;;No;432843,2585;4587524,105;MASC
1908;Laboral (oficines);Passeig de l'Havana;El Bonpastor;Assegurances;;No;432839,1837;4587508,077;MASC
1909;Comerç;C. de Sant Adrià;El Bonpastor;Mecànic;;No;432751,6877;4587389,474;MASC
1910;Comerç;C. de Sant Adrià;El Bonpastor;Industria;;No;432825,2423;4587402,331;MASC
1911;Comerç;C. de Sant Adrià;El Bonpastor;Industria;;No;432762,0033;4587394,258;MASC
1912;Comerç;C. de Josep Soldevila;El Bonpastor;Industria;;No;432739,7276;4587367,647;MASC
1913;Comerç;C. de Josep Soldevila;El Bonpastor;Industria;;No;432754,6777;4587340,886;MASC
1914;Comerç;C. de Sant Adrià;El Bonpastor;Industria;;No;432856,0396;4587400,089;MASC
1915;Comerç;C. de Sant Adrià;El Bonpastor;Industria;;No;432865,9067;4587355,836;MASC
1916;Comerç;C. de Cordelles;El Bonpastor;Industria;;No;433004,9429;4587357,032;MASC
1917;Comerç;C. de Sant Adrià;El Bonpastor;Industria;;No;433055,7734;4587379,158;MASC
1918;Comerç;C. de Fra Juníper Serra;El Bonpastor;Mecànic;;No;433082,0856;4587374,972;MASC
1919;Laboral (oficines);C. de Fra Juníper Serra;El Bonpastor;Oficina;;No;433149,0622;4587334,009;MASC
1920;Laboral (oficines);C. de Fra Juníper Serra;El Bonpastor;Oficina;;No;433208,2648;4587296,634;MASC
1921;Comerç;Torrent de l'Estadella;El Bonpastor;Industria;;No;433184,7931;4587280,936;MASC
1922;Laboral (oficines);Torrent de l'Estadella;El Bonpastor;Oficina;;No;433167,3014;4587282,73;MASC
1923;Comerç;Torrent de l'Estadella;El Bonpastor;Industria;;No;433145,4742;4587287,215;MASC
1924;Laboral (oficines);Torrent de l'Estadella;El Bonpastor;Oficina;;No;433128,1321;4587285,122;MASC
1925;Laboral (oficines);Torrent de l'Estadella;El Bonpastor;Oficina;;No;433193,6136;4587249,541;MASC
1926;Comerç;Torrent de l'Estadella;El Bonpastor;Industria;;No;433251,9192;4587247,298;MASC
1927;Comerç;Torrent de l'Estadella;El Bonpastor;Industria;;No;433059,5109;4587257,315;MASC
1928;Comerç;Torrent de l'Estadella;El Bonpastor;Industria;;No;433038,5807;4587258,959;MASC
1929;Comerç;Torrent de l'Estadella;El Bonpastor;Mecànic;;No;433022,7336;4587257,763;MASC
1930;Comerç;Torrent de l'Estadella;El Bonpastor;Industria;;No;433075,2086;4587201,85;MASC
1931;Comerç;Torrent de l'Estadella;El Bonpastor;Industria;;No;433023,7801;4587283,328;MASC
1932;Comerç;Torrent de l'Estadella;El Bonpastor;Industria;;No;432973,3234;4587281,085;MASC
1933;Comerç;Torrent de l'Estadella;El Bonpastor;Industria;;No;432942,8999;4587278,693;MASC
1934;Comerç;Torrent de l'Estadella;El Bonpastor;Industria;;No;432892,8169;4587262,996;MASC
1935;Comerç;Torrent de l'Estadella;El Bonpastor;Industria;;No;432835,4084;4587245,953;MASC
1936;Comerç;C. de Josep Soldevila;El Bonpastor;Industria;;No;432783,681;4587232,498;MASC
1937;Comerç;C. de Josep Soldevila;El Bonpastor;Industria;;No;432766,3388;4587266,883;MASC
1938;Comerç;Torrent de l'Estadella;El Bonpastor;Industria;;No;432856,3386;4587224,125;MASC
1939;Comerç;C. de Cordelles;El Bonpastor;Industria;;No;432967,8666;4587153,262;MASC
1940;Laboral (oficines);C. de Cordelles;El Bonpastor;Oficina;;No;432967,8666;4587111,401;MASC
1941;Comerç;C. de Fra Juníper Serra;El Bonpastor;Mecànic;;No;433304,3194;4587235,263;MASC
1942;Comerç;Passatge del Torrent d'Estadella;El Bonpastor;Industria;;No;433184,1951;4587236,086;MASC
1943;Comerç;Passatge del Torrent d'Estadella;El Bonpastor;Industria;;No;433183,2981;4587155,953;MASC
1944;Laboral (oficines);Passatge del Torrent d'Estadella;El Bonpastor;Oficina;;No;433190,1751;4587121,867;MASC
1945;Comerç;Passatge del Torrent d'Estadella;El Bonpastor;Industria;;No;433194,3612;4587101,833;MASC
1946;Comerç;Passatge del Torrent d'Estadella;El Bonpastor;Industria;;No;433195,5572;4587075,82;MASC
1947;Comerç;Passeig de la Verneda;El Bonpastor;Industria;;No;433165,0589;4587066,551;MASC
1948;Comerç;Passeig de la Verneda;El Bonpastor;Industria;;No;433138,1486;4587124,558;MASC
1949;Laboral (oficines);Passeig de la Verneda;El Bonpastor;Oficina;;No;433136,0556;4587081,8;MASC
1950;Comerç;Passeig de la Verneda;El Bonpastor;Industria;;No;433032,6007;4587051,601;MASC
1951;Comerç;C. de Fra Juníper Serra;El Bonpastor;Industria;;No;433470,9387;4587127,996;MASC
1952;Laboral (oficines);C. de Fra Juníper Serra;El Bonpastor;Oficina;;No;433508,912;4587099,591;MASC
1953;Club/Bar;C. del Pou de l'Alzina;El Bonpastor;Bar;;No;433324,7263;4587172,547;MASC
1954;Comerç;C. del Pou de l'Alzina;El Bonpastor;Industria;;No;433344,4605;4587175,537;MASC
1955;Comerç;C. del Pou de l'Alzina;El Bonpastor;Industria;;No;433348,3475;4587158,644;MASC
1956;Comerç;C. del Pou de l'Alzina;El Bonpastor;Industria;;No;433332,3509;4587151,019;MASC
1957;Comerç;C. del Pou de l'Alzina;El Bonpastor;Industria;;No;433337,1349;4587125,006;MASC
1958;Comerç;C. del Pou de l'Alzina;El Bonpastor;Industria;;No;433355,9721;4587116,634;MASC
1959;Comerç;C. del Pou de l'Alzina;El Bonpastor;Industria;;No;433346,404;4587083,594;MASC
1960;Comerç;C. del Pou de l'Alzina;El Bonpastor;Industria;;No;433364,3442;4587075,97;MASC
1961;Comerç;C. del Pou de l'Alzina;El Bonpastor;Industria;;No;433343,115;4587054,74;MASC
1962;Comerç;C. del Pou de l'Alzina;El Bonpastor;Industria;;No;433333,9954;4587053,096;MASC
1963;Comerç;C. del Pou de l'Alzina;El Bonpastor;Reformes;;No;433289,5935;4587064,607;MASC
1964;Comerç;C. del Pou de l'Alzina;El Bonpastor;Industria;;No;433309,0287;4587069,84;MASC
1965;Comerç;C. del Pou de l'Alzina;El Bonpastor;Industria;;No;433249,3777;4587069,84;MASC
1966;Comerç;C. del Pou de l'Alzina;El Bonpastor;Industria;;No;433231,4375;4587053,694;MASC
1967;Comerç;C. del Pou de l'Alzina;El Bonpastor;Industria;;No;433229,9425;4587070,139;MASC
1968;Comerç;C. del Pou de l'Alzina;El Bonpastor;Industria;;No;433228,8212;4587082,996;MASC
1969;Comerç;C. del Pou de l'Alzina;El Bonpastor;Mecànic;;No;433232,9325;4587138,237;MASC
1970;Comerç;C. del Pou de l'Alzina;El Bonpastor;Industria;;No;433235,3245;4587127,772;MASC
1971;Comerç;C. del Pou de l'Alzina;El Bonpastor;Industria;;No;433223,3644;4587108,038;MASC
1972;Comerç;C. de Santander;El Bonpastor;Industria;;No;433592,1469;4586974,234;MASC
1973;Comerç;C. de Santander;El Bonpastor;Industria;;No;433582,9525;4586960,106;MASC
1974;Comerç;C. de Santander;El Bonpastor;Industria;;No;433573,0854;4586947,099;MASC
1975;Comerç;C. de Santander;El Bonpastor;Industria;;No;433553,3513;4586917,498;MASC
1976;Comerç;C. de Santander;El Bonpastor;Industria;;No;433530,4776;4586881,618;MASC
1977;Comerç;C. del Cànem;El Bonpastor;Industria;;No;433458,7169;4586903,146;MASC
1978;Comerç;C. del Cànem;El Bonpastor;Industria;;No;433423,5093;4586926,692;MASC
1979;Comerç;C. de Santander;El Bonpastor;Concesionari;;No;433651,3494;4586998,79;MASC
1980;Club/Bar;C. de Santander;El Bonpastor;Restaurant;xinés;No;433600,6124;4586924,73;MASC
1981;Comerç;C. del Terç de la Mare de Deu de Montserrat;El Bonpastor;Majorista;;No;433606,6672;4586901,184;MASC
1982;Comerç;C. del Terç de la Mare de Deu de Montserrat;El Bonpastor;Majorista;;No;433624,3831;4586887,729;MASC
1983;Comerç;C. del Terç de la Mare de Deu de Montserrat;El Bonpastor;Majorista;Indi;No;433634,4744;4586881,45;MASC
1984;Comerç;C. del Terç de la Mare de Deu de Montserrat;El Bonpastor;Mecànic;;No;433645,9113;4586874,274;MASC
1985;Comerç;C. del Terç de la Mare de Deu de Montserrat;El Bonpastor;Majorista;;No;433655,3299;4586867,322;MASC
1986;Comerç;C. del Terç de la Mare de Deu de Montserrat;El Bonpastor;Industria;;No;433673,7185;4586856,558;MASC
1987;Comerç;C. del Terç de la Mare de Deu de Montserrat;El Bonpastor;Majorista;;No;433657,5724;4586841,981;MASC
1988;Comerç;C. del Terç de la Mare de Deu de Montserrat;El Bonpastor;Industria;;No;433669,9063;4586833,46;MASC
1989;Comerç;C. del Terç de la Mare de Deu de Montserrat;El Bonpastor;Majorista;;No;433691,4345;4586818,435;MASC
1990;Comerç;Passeig de la Verneda;El Bonpastor;Majorista;Asia;No;433567,6473;4586706,309;MASC
1991;Comerç;Passeig de la Verneda;El Bonpastor;Majorista;;No;433581,2146;4586696,217;MASC
1992;Comerç;Passeig de la Verneda;El Bonpastor;Majorista;;No;433591,6423;4586688,817;MASC
1993;Comerç;Passeig de la Verneda;El Bonpastor;Industria;;No;433631,6713;4586663,813;MASC
1994;Comerç;Passeig de la Verneda;El Bonpastor;Industria;;No;433602,7428;4586682,202;MASC
1995;Comerç;Passeig de la Verneda;El Bonpastor;Majorista;;No;433661,0483;4586644,303;MASC
1996;Comerç;Passeig de la Verneda;El Bonpastor;Mecànic;;No;433682,3522;4586630,624;MASC
1997;Comerç;Passeig de la Verneda;El Bonpastor;Reformes;;No;433725,8571;4586610,441;MASC
1998;Comerç;C. Almirante Oquendo;El Bonpastor;Majorista;Indi;No;433718,6811;4586635,333;MASC
1999;Comerç;C. Almirante Oquendo;El Bonpastor;Majorista;Indi;No;433756,3554;4586694,536;MASC
2000;Social/Relacional;C. de Sas;El Bonpastor;;;No;433492,4949;4587832,867;MASC
2001;Comerç;C. de Lima;El Bonpastor;Industria;;No;433556,8552;4587833,876;MASC
2002;Comerç;C. de Lima;El Bonpastor;Industria;;No;433574,1226;4587839,931;MASC
2003;Laboral (oficines);C. de Lima;El Bonpastor;Oficina;;No;433600,3601;4587847,78;MASC
2004;Comerç;C. de Lima;El Bonpastor;Industria;;No;433564,9283;4587838,137;MASC
2005;Comerç;C. de Sas;El Bonpastor;Industria;;No;433497,4284;4587862,58;MASC
2006;Laboral (oficines);C. de Caracas;El Bonpastor;Oficina;;No;433482,1793;4587888,594;MASC
2007;Club/Bar;C. de Caracas;El Bonpastor;Restaurant;;No;433477,9185;4587913,934;MASC
2008;Laboral (oficines);C. de Caracas;El Bonpastor;Oficina;;No;433476,3487;4587934,789;MASC
2009;Club/Bar;C. de Sas;El Bonpastor;Bar;;No;433526,5812;4587787,007;MASC
2010;Club/Bar;C. de Lima;El Bonpastor;Bar;;No;433543,6243;4587791,941;MASC
2011;Comerç;C. de Lima;El Bonpastor;Industria;;No;433551,0247;4587794,632;MASC
2012;Club/Bar;C. de Lima;El Bonpastor;Bar;;No;433596,7721;4587807,639;MASC
2013;Club/Bar;C. de Lima;El Bonpastor;Bar;;No;433634,2222;4587819,3;MASC
2014;Laboral (oficines);C. de Cuzco;El Bonpastor;Oficina;;No;433613,3667;4588008,344;MASC
2015;Laboral (oficines);C. de Cuzco;El Bonpastor;Oficina;;No;433591,39;4588003,859;MASC
2016;Laboral (oficines);C. de Cuzco;El Bonpastor;Oficina;;No;433642,5195;4588008,344;MASC
2017;Club/Bar;C. de Cuzco;El Bonpastor;Bar;;No;433516,0413;4587994,44;MASC
2018;Comerç;C. de Guayaquil;El Bonpastor;Concesionari;;No;433797,7019;4587926,716;MASC
2019;Comerç;C. de Guayaquil;El Bonpastor;Industria;;No;433779,089;4588003,635;MASC
2020;Comerç;C. de Cuzco;El Bonpastor;Industria;;No;433726,1655;4588046,243;MASC
2021;Comerç;C. de Cuzco;El Bonpastor;Control de plagas;;No;433704,6373;4588044,449;MASC
2022;Laboral (oficines);C. de Cuzco;El Bonpastor;Oficina;;No;433645,8833;4588035,03;MASC
2023;Laboral (oficines);C. de Cuzco;El Bonpastor;Oficina;;No;433663,3749;4588037,273;MASC
2024;Comerç;C. de Cuzco;El Bonpastor;Reformes;;No;433605,9664;4588028,303;MASC
2025;Comerç;C. de Cuzco;El Bonpastor;Industria;;No;433498,1012;4588015,969;MASC
2026;Comerç;C. de Cuzco;El Bonpastor;Reformes;;No;433466,7059;4588013,278;MASC
2027;Comerç;C. de Caracas;El Bonpastor;ITV;;No;433457,1752;4588035,479;MASC
2028;Comerç;C. de Caracas;El Bonpastor;Mecànic;;No;433452,6901;4588068,556;MASC
2029;Comerç;C. de Caracas;El Bonpastor;Mecànic;;No;433447,5323;4588088,738;MASC
2030;Comerç;C. de Caracas;El Bonpastor;Industria;;No;433423,7616;4588053,979;MASC
2031;Laboral (oficines);C. de Caracas;El Bonpastor;Oficina;;No;433427,1254;4588032,9;MASC
2032;Comerç;C. de Caracas;El Bonpastor;Mecànic;;No;433434,0772;4587993,88;MASC
2033;Comerç;C. de Caracas;El Bonpastor;Mecànic;;No;433435,4227;4587981,546;MASC
2034;Comerç;C. de Caracas;El Bonpastor;Industria;;No;433440,3563;4587947,908;MASC
2035;Comerç;C. de Lima;El Bonpastor;Industria;;No;433350,4312;4587998,141;MASC
2036;Laboral (oficines);C. de Caracas;El Bonpastor;Oficina;;No;433415,0158;4588096,587;MASC
2037;Comerç;C. de Caracas;El Bonpastor;Industria;;No;433413,2218;4588116,321;MASC
2038;Comerç;C. de Caracas;El Bonpastor;Industria;;No;433404,2517;4588143,68;MASC
2039;Comerç;C. de Caracas;El Bonpastor;Reformes;;No;433405,8215;4588169,021;MASC
2040;Comerç;C. de Caracas;El Bonpastor;Mecànic;;No;433398,1969;4588208,041;MASC
2041;Social/Relacional;C. de Caracas;El Bonpastor;;;No;433400,4394;4588235,848;MASC
2042;Comerç;Pont del Potosí;El Bonpastor;Industria;;No;433375,7717;4588241,454;MASC
2043;Comerç;C. de Caracas;El Bonpastor;Gasolinera;;No;433428,9194;4588240,333;MASC
2044;Comerç;C. de Caracas;El Bonpastor;Reformes;;No;433445,7383;4588199,295;MASC
2045;Laboral (oficines);C. de Caracas;El Bonpastor;Oficina;;No;433450,8961;4588151,529;MASC
2046;Laboral (oficines);C. de Maracaibo;El Bonpastor;Oficina;;No;433490,3645;4588143,456;MASC
2047;Comerç;C. de Maracaibo;El Bonpastor;Reformes;;No;433498,8861;4588124,395;MASC
2048;Comerç;C. de Maracaibo;El Bonpastor;Reformes;;No;433512,7897;4588126,637;MASC
2049;Comerç;C. de Maracaibo;El Bonpastor;Reformes;;No;433461,6602;4588120,134;MASC
2050;Comerç;C. de Maracaibo;El Bonpastor;Reformes;;No;433480,4974;4588119,909;MASC
2051;Comerç;C. de Maracaibo;El Bonpastor;Mecànic;;No;433531,8511;4588128,655;MASC
2052;Laboral (oficines);C. de Maracaibo;El Bonpastor;Oficina;;No;433572,4407;4588154,893;MASC
2053;Laboral (oficines);C. de Maracaibo;El Bonpastor;Informàtica;;No;433556,9673;4588132,243;MASC
2054;Laboral (oficines);C. de Maracaibo;El Bonpastor;Oficina;;No;433635,4555;4588141,662;MASC
2055;Comerç;C. de Maracaibo;El Bonpastor;Mecànic;;No;433649,1349;4588164,536;MASC
2056;Comerç;C. de Maracaibo;El Bonpastor;Mecànic;;No;433674,2511;4588167,675;MASC
2057;Comerç;Passeig de Guayaquil;El Bonpastor;Mecànic;;No;433704,5252;4588193,016;MASC
2058;Comerç;C. de Maracaibo;El Bonpastor;Reformes;Italià;No;433687,9305;4588149,735;MASC
2059;Club/Bar;Passeig de Guayaquil;El Bonpastor;Restaurant;Japonés;No;433732,7809;4588139,644;MASC
2060;Comerç;Passeig de Guayaquil;El Bonpastor;Mecànic;;No;433743,9935;4588112,509;MASC
2061;Comerç;Passeig de Guayaquil;El Bonpastor;Reformes;Xinés;No;433749,8241;4588099,054;MASC
2062;Comerç;Passeig de Guayaquil;El Bonpastor;Mecànic;;No;433752,7393;4588090,084;MASC
2063;Comerç;Passeig de Guayaquil;El Bonpastor;Industria;;No;433763,2792;4588062,277;MASC
2064;Comerç;Passeig de Guayaquil;El Bonpastor;Gasolinera;;No;433670,8874;4588224,635;MASC
2065;Comerç;Passeig de Guayaquil;El Bonpastor;Mecànic;;No;433648,2379;4588264,104;MASC
2066;Comerç;Passeig de Guayaquil;El Bonpastor;Industria;;No;433615,2729;4588339,901;MASC
2067;Comerç;Passeig de Guayaquil;El Bonpastor;Reformes;;No;433528,2631;4588474,452;MASC
2068;Comerç;C. del Potosí;El Bonpastor;Industria;;No;433520,19;4588292,359;MASC
2069;Comerç;C. del Potosí;El Bonpastor;Mecànic;;No;433455,1569;4588250,873;MASC
2070;Laboral (oficines);C. del Potosí;El Bonpastor;Banc;;No;433478,0306;4588254,909;MASC
2071;Comerç;C. del Potosí;El Bonpastor;Mecànic;;No;433616,3941;4588273,522;MASC
2072;Comerç;C. del Potosí;El Bonpastor;Reformes;;No;433505,8379;4588255,806;MASC
2073;Comerç;C. del Potosí;El Bonpastor;Industria;;No;433523,5538;4588260,515;MASC
2074;Comerç;C. del Potosí;El Bonpastor;Industria;;No;433544,4092;4588263,655;MASC
2075;Comerç;C. del Potosí;El Bonpastor;Industria;;No;433584,3261;4588267,916;MASC
2076;Social/Relacional;C. del Potosí;El Bonpastor;Banc;;No;433389,2268;4588275,765;MASC
2077;Social/Relacional;C. de Caracas;El Bonpastor;;;No;433381,6023;4588342,143;MASC
2078;Comerç;C. de Caracas;El Bonpastor;Industria;;No;433382,4993;4588299,087;MASC
2079;Reciclatge;Pont del Potosí;El Bonpastor;;;No;433336,5276;4588265,673;MASC
2080;Comerç;Pont del Potosí;El Bonpastor;Reformes;;No;433319,0359;4588263,207;MASC
2081;Club/Bar;Pont del Potosí;El Bonpastor;Restaurant;Xinés;No;433244,8085;4588260,74;MASC
2082;Comerç;Pont del Potosí;El Bonpastor;Reformes;;No;433188,297;4588248,63;MASC
2083;Comerç;Pont del Potosí;El Bonpastor;Concesionari;;No;433216,1043;4588218,356;MASC
2084;Comerç;Pont del Potosí;El Bonpastor;Concesionari;;No;433169,4598;4588247,957;MASC
2085;Comerç;Pont del Potosí;El Bonpastor;Concesionari;;No;433293,4712;4588229,569;MASC
2086;Comerç;Pont del Potosí;El Bonpastor;Concesionari;;No;433308,4961;4588230,466;MASC
2087;Comerç;Pont del Potosí;El Bonpastor;Concesionari;;No;433328,006;4588234,278;MASC
2088;Comerç;Pont del Potosí;El Bonpastor;Concesionari;;No;433235,8384;4588221,944;MASC
2089;Comerç;Pont del Potosí;El Bonpastor;Mecànic;;No;433259,1606;4588224,635;MASC
2090;Comerç;C. de Caracas;El Bonpastor;Fusteria;;No;433365,4561;4588404,485;MASC
2091;Comerç;C. de Caracas;El Bonpastor;Reformes;;No;433361,8681;4588419,062;MASC
2092;Comerç;C. de Caracas;El Bonpastor;Mecànic;;No;433358,0558;4588441,935;MASC
2093;Comerç;C. de Caracas;El Bonpastor;Reformes;;No;433353,795;4588462,791;MASC
2094;Comerç;C. de Caracas;El Bonpastor;Mecànic;;No;433385,863;4588460,548;MASC
2095;Comerç;Passeig de Guayaquil;El Bonpastor;Reformes;;No;433465,4725;4588574,917;MASC
2096;Club/Bar;Passeig de Guayaquil;El Bonpastor;Discoteca;Xinés;No;433448,4294;4588599,809;MASC
2097;Laboral (oficines);C. de Tucumán;El Bonpastor;Oficina;;No;433415,4643;4588643,089;MASC
2098;Comerç;C. de Tucumán;El Bonpastor;Reformes;;No;433403,5789;4588635,016;MASC
2099;Comerç;C. de Tucumán;El Bonpastor;Mecànic;;No;433419,0523;4588646,677;MASC
2100;Simbologia;C. de Tucumán;El Bonpastor;Grafiti;Mascliste d'una dona sexualitzada;Sí;433417,9311;4588643,089;MASC
2101;Comerç;C. de Caracas;El Bonpastor;Mecànic;;No;433355,589;4588591,96;MASC
2102;Reciclatge;C. de Caracas;El Bonpastor;;;No;433371,5109;4588543,746;MASC
2103;Comerç;C. de Caracas;El Bonpastor;Mecànic;;No;433345,0492;4588500,017;MASC
2104;Laboral (oficines);C. de Caracas;El Bonpastor;Oficina;;No;433341,6854;4588517,508;MASC
2105;Laboral (oficines);C. de Caracas;El Bonpastor;Oficina;;No;433336,9761;4588537,018;MASC
2106;Comerç;C. de Caracas;El Bonpastor;Industria;;No;433333,3881;4588557,201;MASC
2107;Comerç;C. de Caracas;El Bonpastor;Industria;;No;433329,1273;4588573,347;MASC
2108;Laboral (oficines);C. de Tucumán;El Bonpastor;Oficina;;No;433307,3748;4588584,335;MASC
2109;Comerç;C. de Tucumán;El Bonpastor;Reformes;;No;433237,6325;4588537,691;MASC
2110;Comerç;C. de Tucumán;El Bonpastor;Transportista;;No;433273,5128;4588561,686;MASC
2111;Comerç;C. de Tucumán;El Bonpastor;Gasolinera;;No;433149,0529;4588460,773;MASC
2112;Comerç;C. de Tucumán;El Bonpastor;Industria;;No;433165,6476;4588491,719;MASC
2113;Comerç;C. de Tucumán;El Bonpastor;Industria;;No;433182,018;4588503,605;MASC
2114;Comerç;C. de Tucumán;El Bonpastor;Industria;;No;433210,0495;4588521,545;MASC
2115;Laboral (oficines);C. de la Ciutat d'Asunció;El Bonpastor;Oficina;;No;433138,0646;4588420,407;MASC
2116;Laboral (oficines);C. de la Ciutat d'Asunció;El Bonpastor;Oficina;;No;433153,0894;4588330,706;MASC
2117;Laboral (oficines);C. de la Ciutat d'Asunció;El Bonpastor;Oficina;;No;433153,0894;4588314,336;MASC
2118;Laboral (oficines);C. de la Ciutat d'Asunció;El Bonpastor;Oficina;;No;433158,6957;4588274,643;MASC
2119;Laboral (oficines);C. de la Ciutat d'Asunció;El Bonpastor;Oficina;;No;433150,6227;4588346,853;MASC
2120;Comerç;C. de Santander;El Bonpastor;Industria;Asia;No;433510,64;4586751,552;MASC
2121;Comerç;C. de Santander;El Bonpastor;Majorista;Asia;No;433520,0683;4586762,419;MASC
2122;Comerç;C. de Santander;El Bonpastor;Reformes;;No;433526,1408;4586775,682;MASC
2123;Comerç;C. de Santander;El Bonpastor;Majorista;Asia;No;433576,9578;4586854,145;MASC
2124;Laboral (oficines);C. de Santander;El Bonpastor;Inversions;Xinés;No;433569,2873;4586839,763;MASC
2125;Comerç;C. de Santander;El Bonpastor;Majorista;Lationamèrica;No;433560,4982;4586826,499;MASC
2126;Comerç;C. de Santander;El Bonpastor;Majorista;Asia;No;433550,7503;4586812,117;MASC
2127;Comerç;C. de Santander;El Bonpastor;Reformes;;No;433540,6828;4586798,374;MASC
2128;Comerç;C. de Santander;El Bonpastor;Industria;Amazon;No;433505,0469;4586843,918;MASC
2129;Estació Pública;Passeig de Torres i Bages;Sant Andreu;Metro;;No;432382,8375;4588366,571;MASC
2130;Laboral (oficines);Plaça de Mossen Clapés;Sant Andreu;Banc;La Caixa;No;432146,3709;4588160,846;MASC
2131;Comerç;C. de Neopàtria;Sant Andreu;Reformes;;No;432306,9402;4586631,212;MASC
2132;Comerç;Passeig de Santa Coloma;Sant Andreu;Gasolinera;;No;432775,6484;4588724,345;MASC
2133;Estació Pública;C. del Palomar;Sant Andreu;Tren;;No;432748,3334;4588528,901;MASC
2134;Comerç;Passeig de Santa Coloma;Sant Andreu;Concesionari;;No;432523,2201;4588588,711;MASC
2135;Club/Bar;Passeig de Santa Coloma;Sant Andreu;Bar;;No;432351,3239;4588511,24;MASC
2136;Comerç;Passeig de Santa Coloma;Sant Andreu;Bar;;No;432342,8468;4588506,06;MASC
2137;Comerç;Passeig de Santa Coloma;Sant Andreu;Mecànic;;No;432327,3055;4588499,467;MASC
2138;Club/Bar;Passeig de Santa Coloma;Sant Andreu;Bar;;No;432288,9232;4588482,513;MASC
2139;Comerç;Passeig de Santa Coloma;Sant Andreu;Reformes;;No;432277,1495;4588476,155;MASC
2140;Comerç;C. Gran de Sant Andreu;Sant Andreu;Gasolinera;;No;432194,2626;4588354,65;MASC
2141;Comerç;Passeig de Santa Coloma;Sant Andreu;Reformes;;No;432125,9751;4588331,338;MASC
2142;Club/Bar;Av. Meridiana;Sant Andreu;Restaurant;;No;432076,9965;4588254,691;MASC
2143;Comerç;Av. Meridiana;Sant Andreu;Reformes;;No;432086,7687;4588290,012;MASC
2144;Laboral (oficines);Av. Meridiana;Sant Andreu;Assessoria;;No;432071,6983;4588239,503;MASC
2145;Club/Bar;Av. Meridiana;Sant Andreu;Bar;;No;432061,4552;4588193,468;MASC
2146;Laboral (oficines);Av. Meridiana;Sant Andreu;Oficina;;No;432063,9277;4588202,652;MASC
2147;Club/Bar;Av. Meridiana;Sant Andreu;Bar;;No;432065,9292;4588210,658;MASC
2148;Comerç;Av. Meridiana;Sant Andreu;Ferreteria;;No;432068,6371;4588219,606;MASC
2149;Comerç;Av. Meridiana;Sant Andreu;Reformes;;No;432070,2855;4588227,259;MASC
2150;Club/Bar;Plaça de Mossen Clapés;Sant Andreu;Bar;;No;432091,3604;4588170,274;MASC
2151;Club/Bar;Plaça de Mossen Clapés;Sant Andreu;Bar;;No;432098,6601;4588168,155;MASC
2152;Laboral (oficines);Plaça de Mossen Clapés;Sant Andreu;Assessoria;;No;432108,0791;4588168,155;MASC
2153;Comerç;Plaça de Mossen Clapés;Sant Andreu;Perruqueria;;No;432080,9995;4588172,629;MASC
2154;Comerç;C. Gran de Sant Andreu;Sant Andreu;Reformes;;No;432183,784;4588215,014;MASC
2155;Esport;C. Gran de Sant Andreu;Sant Andreu;Gimnàs;Sparta Club;Sí;432191,6724;4588315,561;MASC
2156;Club/Bar;C. Gran de Sant Andreu;Sant Andreu;Bar;;No;432185,1969;4588246,803;MASC
2157;Comerç;C. Gran de Sant Andreu;Sant Andreu;Reformes;;No;432188,0226;4588268,938;MASC
2158;Comerç;C. Gran de Sant Andreu;Sant Andreu;Reformes;;No;432184,9614;4588242,093;MASC
2159;Comerç;C. Gran de Sant Andreu;Sant Andreu;Reformes;;No;432188,729;4588284,243;MASC
2160;Club/Bar;Passeig de Torres i Bages;Sant Andreu;Bar;;No;432376,2842;4588346,997;MASC
2161;Laboral (oficines);C. Gran de Sant Andreu;Sant Andreu;Immobiliaria;;No;432200,3229;4588128,823;MASC
2162;Club/Bar;C. de Palomar;Sant Andreu;Bar;Japonés;No;432225,5775;4588134,651;MASC
2163;Club/Bar;C. de Palomar;Sant Andreu;Restaurant;;No;432264,0775;4588137,83;MASC
2164;Comerç;C. de Palomar;Sant Andreu;Reformes;;No;432239,5293;4588136,417;MASC
2165;Comerç;C. de Palomar;Sant Andreu;Perruqueria;;No;432288,4491;4588138,89;MASC
2166;Laboral (oficines);C. de Palomar;Sant Andreu;Assessoria;;No;432320,7679;4588141,186;MASC
2167;Comerç;C. de Palomar;Sant Andreu;Ferreteria;;No;432307,6991;4588141,186;MASC
2168;Comerç;C. d'Eiximenis;Sant Andreu;Mecànic;;No;432278,0293;4588124,938;MASC
2169;Club/Bar;C. d'Eiximenis;Sant Andreu;Bar;;No;432280,5018;4588100,213;MASC
2170;Comerç;Passeig de Torres i Bages;Sant Andreu;Mecànic;;No;432389,1143;4588114,518;MASC
2171;Comerç;C. del Cinca;Sant Andreu;Mecànic;;No;432511,1488;4588123,525;MASC
2172;Comerç;C. de Fernando Passoa;Sant Andreu;Reformes;;No;432578,5238;4588096,504;MASC
2173;Club/Bar;C. del Cinca;Sant Andreu;Bar;;No;432510,5307;4588105,688;MASC
2174;Club/Bar;C. del Cinca;Sant Andreu;Bar;;No;432513,0915;4588060,918;MASC
2175;Club/Bar;C. de Fernando Passoa;Sant Andreu;Bar;;No;432580,8197;4588072,839;MASC
2176;Laboral (oficines);C. de Fernando Passoa;Sant Andreu;Esports;;No;432580,8197;4588010,321;MASC
2177;Laboral (oficines);C. de Fernando Passoa;Sant Andreu;Oficina;;No;432583,9986;4587980,651;MASC
2178;Laboral (oficines);C. de Fernando Passoa;Sant Andreu;Oficina;;No;432583,9986;4587969,348;MASC
2179;Laboral (oficines);C. de Fernando Passoa;Sant Andreu;Oficina;;No;432584,705;4587953,277;MASC
2180;Laboral (oficines);C. de Fernando Passoa;Sant Andreu;Oficina;;No;432585,0583;4587935,97;MASC
2181;Club/Bar;C. del Cinca;Sant Andreu;Bar;;No;432523,4229;4587813,405;MASC
2182;Laboral (oficines);C. del Cinca;Sant Andreu;Banc;AXA;No;432522,5399;4587854,201;MASC
2183;Club/Bar;C. del Cinca;Sant Andreu;Bar;;No;432520,7738;4587887,403;MASC
2184;Club/Bar;C. de Joan Comorera;Sant Andreu;Bar;;No;432563,1592;4587748,061;MASC
2185;Club/Bar;C. de Joan Comorera;Sant Andreu;Bar;;No;432591,4161;4587747,532;MASC
2186;Club/Bar;C. de Joan Torras;Sant Andreu;Bar;Japonés;No;432558,9206;4587685,366;MASC
2187;Club/Bar;C. de Joan Torras;Sant Andreu;Bar;;No;432548,1477;4587685,19;MASC
2188;Laboral (oficines);C. de Joan Torras;Sant Andreu;Oficina;;No;432565,9848;4587685,19;MASC
2189;Laboral (oficines);C. de Joan Torras;Sant Andreu;Oficina;;No;432593,1821;4587686,073;MASC
2190;Laboral (oficines);C. del Cinca;Sant Andreu;Oficina;;No;432595,3014;4587704,263;MASC
2191;Club/Bar;C. de Joan Torras;Sant Andreu;Bar;;No;432532,9596;4587655,873;MASC
2192;Club/Bar;C. de Joan Torras;Sant Andreu;Bar;;No;432591,9459;4587657,639;MASC
2193;Comerç;C. de Joan Torras;Sant Andreu;Mecànic;;No;432616,8473;4587658,699;MASC
2194;Comerç;C. del Cinca;Sant Andreu;Reformes;;No;432528,5445;4587720,511;MASC
2195;Club/Bar;C. del Cinca;Sant Andreu;Bar;;No;432525,8954;4587771,55;MASC
2196;Comerç;C. del Cinca;Sant Andreu;Mecànic;;No;432491,6339;4587771,197;MASC
2197;Laboral (oficines);C. del Cinca;Sant Andreu;Banc;;No;432497,1086;4587678,126;MASC
2198;Club/Bar;C. del Cinca;Sant Andreu;Bar;;No;432496,5788;4587692,254;MASC
2199;Laboral (oficines);C. del Cinca;Sant Andreu;Oficina;;No;432496,7554;4587683,954;MASC
2200;Club/Bar;Passeig de Torres i Bages;Sant Andreu;Restaurant;;No;432461,4343;4587704,616;MASC
2201;Laboral (oficines);Passeig de Torres i Bages;Sant Andreu;Immobiliaria;;No;432462,3173;4587693,137;MASC
2202;Comerç;Passatje de Jacint Guardiola;Sant Andreu;Mecànic;;No;432462,3173;4587716,096;MASC
2203;Club/Bar;Passatge d'Isabel Ribó;Sant Andreu;Bar;;No;432444,6568;4587748,591;MASC
2204;Comerç;Passeig de Torres i Bages;Sant Andreu;Perruqueria;;No;432435,6499;4587783,206;MASC
2205;Club/Bar;Passeig de Torres i Bages;Sant Andreu;Bar;;No;432432,6476;4587841,309;MASC
2206;Comerç;Passeig de Torres i Bages;Sant Andreu;Estanc;;No;432432,8242;4587830,006;MASC
2207;Comerç;Passeig de Torres i Bages;Sant Andreu;Perruqueria;;No;432432,2944;4587859,676;MASC
2208;Comerç;C. de la Residència;Sant Andreu;Mecànic;;No;432466,9091;4587899,236;MASC
2209;Club/Bar;C. del Cinca;Sant Andreu;Restaurant;;No;432487,3953;4587896,41;MASC
2210;Laboral (oficines);C. del Cinca;Sant Andreu;Oficina;;No;432490,9274;4587820,116;MASC
2211;Club/Bar;Passeig de Torres i Bages;Sant Andreu;Bar;;No;432400,3288;4587836,541;MASC
2212;Club/Bar;Passeig de Torres i Bages;Sant Andreu;Bar;;No;432399,6223;4587862,502;MASC
2213;Club/Bar;Passeig de Torres i Bages;Sant Andreu;Bar;;No;432429,1155;4587925,55;MASC
2214;Club/Bar;Passeig de Torres i Bages;Sant Andreu;Restaurant;;No;432427,1728;4587972,704;MASC
2215;Laboral (oficines);Passeig de Torres i Bages;Sant Andreu;Assegurances;;No;432426,1132;4587998,312;MASC
2216;Comerç;C. de Lanzarote;Sant Andreu;Reformes;;No;432346,8614;4588013,544;MASC
2217;Club/Bar;C. d'Eiximenis;Sant Andreu;Bar;;No;432269,3315;4588068,292;MASC
2218;Comerç;C. d'Eiximenis;Sant Andreu;Mecànic;;No;432270,921;4588035,796;MASC
2219;Club/Bar;C. d'Eiximenis;Sant Andreu;Bar;;No;432273,7467;4587994,47;MASC
2220;Club/Bar;C. d'Eiximenis;Sant Andreu;Bar;;No;432274,2765;4587942,372;MASC
2221;Laboral (oficines);C. de la Residència;Sant Andreu;Immobiliaria;;No;432258,5586;4587936,014;MASC
2222;Laboral (oficines);C. Gran de Sant Andreu;Sant Andreu;Banc;Santander;No;432215,9966;4587944,579;MASC
2223;Club/Bar;C. Gran de Sant Andreu;Sant Andreu;Bar;;No;432192,5081;4587971,423;MASC
2224;Laboral (oficines);C. Gran de Sant Andreu;Sant Andreu;Assessoria;;No;432188,2695;4588013,279;MASC
2225;Club/Bar;C. d'Arquimedes;Sant Andreu;Bar;;No;432156,8337;4587985,728;MASC
2226;Comerç;C. Gran de Sant Andreu;Sant Andreu;Reformes;;No;432207,1663;4588023,699;MASC
2227;Laboral (oficines);C. Gran de Sant Andreu;Sant Andreu;Oficina;;No;432205,7535;4588030,233;MASC
2228;Club/Bar;C. Gran de Sant Andreu;Sant Andreu;Bar;;No;432202,0448;4588072,972;MASC
2229;Comerç;Plaça de Mossen Clapés;Sant Andreu;Concesionari;;No;432138,9965;4588078,8;MASC
2230;Comerç;C. d'Arquimedes;Sant Andreu;Mecànic;;No;432161,0723;4588036,767;MASC
2231;Club/Bar;C. d'Arquimedes;Sant Andreu;Bar;;No;432170,0791;4588061,669;MASC
2232;Club/Bar;C. de Colómbia;Sant Andreu;Bar;;No;432131,0493;4588029,35;MASC
2233;Comerç;C. de Colómbia;Sant Andreu;Reformes;;No;432148,7099;4588020,52;MASC
2234;Comerç;C. de Bartrina;Sant Andreu;Reformes;;No;432093,0791;4588022,109;MASC
2235;Comerç;C. de Bartrina;Sant Andreu;Reformes;;No;432088,8405;4588015,045;MASC
2236;Comerç;C. de Bartrina;Sant Andreu;Reformes;;No;432084,7786;4588007,274;MASC
2237;Club/Bar;C. de Bartrina;Sant Andreu;Bar;;No;432074,5355;4587987,671;MASC
2238;Comerç;C. del Campeny;Sant Andreu;Mecànic;;No;432042,2167;4587985,552;MASC
2239;Comerç;C. de Bartrina;Sant Andreu;Mecànic;;No;432061,6433;4587998,797;MASC
2240;Laboral (oficines);C. de Bartrina;Sant Andreu;Assessoria;;No;432075,7717;4588026,083;MASC
2241;Laboral (oficines);C. de Bartrina;Sant Andreu;Oficina;;No;432080,7167;4588035,443;MASC
2242;Comerç;Plaça de Mossen Clapés;Sant Andreu;Reformes;;No;432107,2075;4588097,078;MASC
2243;Comerç;Plaça de Mossen Clapés;Sant Andreu;Estanc;;No;432097,3176;4588129,397;MASC
2244;Club/Bar;Plaça de Mossen Clapés;Sant Andreu;Bar;;No;432102,969;4588127,984;MASC
2245;Club/Bar;Plaça de Mossen Clapés;Sant Andreu;Bar;;No;432074,7121;4588133,106;MASC
2246;Laboral (oficines);Av. Meridiana;Sant Andreu;Oficina;;No;432041,157;4588102,2;MASC
2247;Laboral (oficines);C. de Bartrina;Sant Andreu;Assegurances;;No;432020,3175;4587918,177;MASC
2248;Club/Bar;C. de Bartrina;Sant Andreu;Bar;;No;432026,1455;4587931,775;MASC
2249;Laboral (oficines);C. de Bartrina;Sant Andreu;Immobiliaria;;No;432034,2694;4587947,14;MASC
2250;Club/Bar;C. de Bartrina;Sant Andreu;Bar;;No;432049,6341;4587913,055;MASC
2251;Club/Bar;C. de Bartrina;Sant Andreu;Bar;;No;432060,7602;4587935,131;MASC
2252;Comerç;Plaça de Miquel Casablancas i Joanico;Sant Andreu;Reformes;;No;432062,1731;4587881,266;MASC
2253;Laboral (oficines);C. de Bartrina;Sant Andreu;Assegurances;;No;432065,7052;4587942,725;MASC
2254;Comerç;Plaça de Mossen Clapés;Sant Andreu;Mecànic;;No;432105,6181;4588087,895;MASC
2255;Club/Bar;Plaça de Miquel Casablancas i Joanico;Sant Andreu;Bar;;No;432074,8887;4587809,917;MASC
2256;Comerç;Plaça de Miquel Casablancas i Joanico;Sant Andreu;Mecànic;;No;432081,4231;4587823,869;MASC
2257;Laboral (oficines);Plaça de Miquel Casablancas i Joanico;Sant Andreu;Oficina;;No;432089,1938;4587839,764;MASC
2258;Comerç;Plaça de Miquel Casablancas i Joanico;Sant Andreu;Mecànic;;No;432093,7855;4587847,711;MASC
2259;Comerç;Plaça de Miquel Casablancas i Joanico;Sant Andreu;Reformes;;No;432100,8497;4587866,431;MASC
2260;Club/Bar;C. de Guardiola i Feliu;Sant Andreu;Bar;;No;432242,5758;4587794,464;MASC
2261;Club/Bar;C. d'Agustí i Milà;Sant Andreu;Bar;;No;432080,9816;4587745,545;MASC
2262;Comerç;C. de Sant Hipòlit;Sant Andreu;Reformes;;No;432025,5274;4587678,435;MASC
2263;Club/Bar;C. d'Agustí i Milà;Sant Andreu;Restaurant;Búlgar;No;432149,5046;4587725,765;MASC
2264;Comerç;C. d'Agustí i Milà;Sant Andreu;Perruqueria;;No;432178,4679;4587711,636;MASC
2265;Comerç;C. d'Agustí i Milà;Sant Andreu;Reformes;;No;432192,4198;4587705,102;MASC
2266;Club/Bar;C. d'Agustí i Milà;Sant Andreu;Bar;;No;432222,9725;4587690,797;MASC
2267;Laboral (oficines);C. Gran de Sant Andreu;Sant Andreu;Immobiliaria;;No;432231,4496;4587702,983;MASC
2268;Comerç;C. Gran de Sant Andreu;Sant Andreu;Estanc;;No;432229,5069;4587716,935;MASC
2269;Club/Bar;C. Gran de Sant Andreu;Sant Andreu;Bar;;No;432250,9645;4587708,811;MASC
2270;Laboral (oficines);C. Gran de Sant Andreu;Sant Andreu;Immobiliaria;;No;432255,468;4587685,675;MASC
2271;Comerç;C. de Lanzarote;Sant Andreu;Perruqueria;;No;432323,991;4587722,409;MASC
2272;Club/Bar;C. de Guardiola i Feliu;Sant Andreu;Bar;;No;432305,4474;4587771,506;MASC
2273;Comerç;C. de Guardiola i Feliu;Sant Andreu;Restaurant;;No;432272,5987;4587777,157;MASC
2274;Club/Bar;C. de Lanzarote;Sant Andreu;Bar;Turc;No;432331,2318;4587763,382;MASC
2275;Comerç;C. de Joan Torras;Sant Andreu;Reformes;;No;432352,6011;4587672,96;MASC
2276;Club/Bar;C. de Joan Torras;Sant Andreu;Bar;;No;432382,2708;4587674,902;MASC
2277;Club/Bar;Passeig de Torres i Bages;Sant Andreu;Bar;;No;432404,5231;4587740,423;MASC
2278;Laboral (oficines);C. de Joan Torras;Sant Andreu;Banc;BBVA;No;432396,3993;4587652,12;MASC
2279;Club/Bar;C. de Joan Torras;Sant Andreu;Restaurant;;No;432383,6837;4587651,414;MASC
2280;Laboral (oficines);C. de Joan Torras;Sant Andreu;Informàtica;;No;432345,8901;4587651,061;MASC
2281;Comerç;C. de Joan Torras;Sant Andreu;Reformes;;No;432336,0001;4587650,531;MASC
2282;Club/Bar;C. de Joan Torras;Sant Andreu;Bar;;No;432291,6721;4587649,118;MASC
2283;Club/Bar;C. de Joan Torras;Sant Andreu;Bar;;No;432327,1699;4587650,531;MASC
2284;Laboral (oficines);Passeig de Torres i Bages;Sant Andreu;Immobiliaria;;No;432410,5277;4587611,678;MASC
2285;Club/Bar;Passeig de Torres i Bages;Sant Andreu;Bar;;No;432413,7066;4587547,923;MASC
2286;Club/Bar;Passeig de Torres i Bages;Sant Andreu;Bar;;No;432411,5874;4587590,662;MASC
2287;Club/Bar;Passeig de Torres i Bages;Sant Andreu;Bar;;No;432442,67;4587614,68;MASC
2288;Laboral (oficines);Passeig de Torres i Bages;Sant Andreu;Immobiliaria;;No;432444,7892;4587577,946;MASC
2289;Comerç;C. del Cinca;Sant Andreu;Reformes;;No;432510,3982;4587622,98;MASC
2290;Comerç;C. del Cinca;Sant Andreu;Reformes;;No;432525,6746;4587632,959;MASC
2291;Club/Bar;Plaça de la Estació;Sant Andreu;Bar;;No;432535,4762;4587466,949;MASC
2292;Club/Bar;Plaça de la Estació;Sant Andreu;Bar;;No;432569,0313;4587464,477;MASC
2293;Laboral (oficines);C. del Cinca;Sant Andreu;Oficina;;No;432505,4533;4587391,362;MASC
2294;Club/Bar;C. del Cinca;Sant Andreu;Restaurant;Japonés;No;432504,5702;4587383,591;MASC
2295;Club/Bar;C. del Cinca;Sant Andreu;Bar;;No;432511,8994;4587360,721;MASC
2296;Club/Bar;C. del Dr. Balari i Jovany;Sant Andreu;Bar;;No;432531,326;4587341,824;MASC
2297;Club/Bar;Passeig de Torres i Bages;Sant Andreu;Bar;;No;432460,4188;4587383,591;MASC
2298;Club/Bar;C. de Sant Adrià;Sant Andreu;Restaurant;;No;432548,8983;4587297,408;MASC
2299;Club/Bar;Passeig de Torres i Bages;Sant Andreu;Bar;;No;432512,1643;4587290,873;MASC
2300;Comerç;Passeig de Torres i Bages;Sant Andreu;Reformes;;No;432502,6276;4587323,016;MASC
2301;Comerç;C. de Sant Adrià;Sant Andreu;Reformes;;No;432534,0634;4587284,869;MASC
2302;Esport;C. del Dr. Balari i Jovany;Sant Andreu;Gimnàs;;No;432563,5565;4587330,61;MASC
2303;Laboral (oficines);C. de Sant Adrià;Sant Andreu;Informàtica;;No;432555,2561;4587262,793;MASC
2304;Comerç;C. de Sant Adrià;Sant Andreu;Ferreteria;;No;432576,8019;4587281,337;MASC
2305;Comerç;C. de Josep Soldevila;Sant Andreu;Assessoria;;No;432601,1735;4587245,309;MASC
2306;Laboral (oficines);C. del Dr. Balari i Jovany;Sant Andreu;Immobiliaria;;No;432412,7353;4587384,784;MASC
2307;Club/Bar;C. del Dr. Balari i Jovany;Sant Andreu;Bar;;No;432360,46;4587408,802;MASC
2308;Comerç;C. de l'Ajuntament;Sant Andreu;Estanc;;No;432353,5724;4587428,758;MASC
2309;Laboral (oficines);C. de l'Ajuntament;Sant Andreu;Co-working;;No;432347,3912;4587425,226;MASC
2310;Club/Bar;C. de l'Ajuntament;Sant Andreu;Restaurant;;No;432365,405;4587433,703;MASC
2311;Club/Bar;C. de l'Ajuntament;Sant Andreu;Restaurant;Xinés;No;432389,0701;4587444,829;MASC
2312;Club/Bar;Plaça d'Orfila;Sant Andreu;Bar;;No;432413,7949;4587449,598;MASC
2313;Club/Bar;Plaça d'Orfila;Sant Andreu;Bar;;No;432403,7284;4587453,66;MASC
2314;Club/Bar;Plaça d'Orfila;Sant Andreu;Restaurant;Japonés;No;432398,077;4587449,598;MASC
2315;Comerç;C. d'Otger;Sant Andreu;Perruqueria;;No;432352,3362;4587401,384;MASC
2316;Comerç;Plaça del Comerç;Sant Andreu;Ferreteria;;No;432329,9072;4587425,579;MASC
2317;Laboral (oficines);Plaça del Comerç;Sant Andreu;Immobiliaria;;No;432317,015;4587386,02;MASC
2318;Club/Bar;C. Gran de Sant Andreu;Sant Andreu;Bar;;No;432300,7673;4587359,882;MASC
2319;Comerç;C. Gran de Sant Andreu;Sant Andreu;Reformes;;No;432297,8533;4587322,442;MASC
2320;Club/Bar;C. Gran de Sant Andreu;Sant Andreu;Bar;;No;432286,109;4587323,678;MASC
2321;Comerç;C. Gran de Sant Andreu;Sant Andreu;Reformes;;No;432278,6033;4587308,755;MASC
2322;Club/Bar;Plaça del Mercadal;Sant Andreu;Bar;;No;432223,3257;4587328,093;MASC
2323;Club/Bar;Plaça del Mercadal;Sant Andreu;Bar;;No;432215,0253;4587350,875;MASC
2324;Club/Bar;C. Mateu Ferran;Sant Andreu;Bodega;;No;432235,5115;4587388,139;MASC
2325;Club/Bar;C. Pons i Gallarza;Sant Andreu;Bar;;No;432233,9221;4587407,036;MASC
2326;Club/Bar;C. Pons i Gallarza;Sant Andreu;Bar;;No;432254,2317;4587401,208;MASC
2327;Club/Bar;C. Gran de Sant Andreu;Sant Andreu;Bodega;;No;432294,851;4587394,497;MASC
2328;Club/Bar;C. Gordi;Sant Andreu;Bar;;No;432254,5849;4587423,637;MASC
2329;Club/Bar;C. Pons i Gallarza;Sant Andreu;Bar;;No;432269,773;4587401,738;MASC
2330;Club/Bar;C. Pons i Gallarza;Sant Andreu;Bar;;No;432263,4152;4587401,031;MASC
2331;Laboral (oficines);C. Gran de Sant Andreu;Sant Andreu;Immobiliaria;;No;432295,2042;4587439,531;MASC
2332;Comerç;C. Gran de Sant Andreu;Sant Andreu;Esports;;No;432288,6698;4587343,458;MASC
2333;Laboral (oficines);C. Gran de Sant Andreu;Sant Andreu;Banc;BBVA;No;432314,6309;4587527,481;MASC
2334;Club/Bar;C. Gran de Sant Andreu;Sant Andreu;Bar;;No;432310,9221;4587513,529;MASC
2335;Laboral (oficines);C. Gran de Sant Andreu;Sant Andreu;Immobiliaria;;No;432314,8075;4587497,635;MASC
2336;Club/Bar;C. de Malats;Sant Andreu;Restaurant;Asia;No;432326,4634;4587487,921;MASC
2337;Comerç;C. de Santa Maria;Sant Andreu;Estanc;;No;432360,6366;4587555,031;MASC
2338;Comerç;C. Gran de Sant Andreu;Sant Andreu;Ferreteria;;No;432296,6171;4587549,027;MASC
2339;Comerç;C. de Malats;Sant Andreu;Mecànic;;No;432229,5069;4587497,635;MASC
2340;Club/Bar;C. de Malats;Sant Andreu;Bar;;No;432256,7042;4587493,749;MASC
2341;Comerç;C. de Malats;Sant Andreu;Perruqueria;;No;432267,1239;4587475,206;MASC
2342;Club/Bar;C. de Sant Maria;Sant Andreu;Bar;;No;432220,8533;4587479,974;MASC
2343;Comerç;C. de Sant Maria;Sant Andreu;Reformes;;No;432215,5551;4587454,013;MASC
2344;Club/Bar;C. Pons i Gallarza;Sant Andreu;Bar;;No;432190,8303;4587423,46;MASC
2345;Laboral (oficines);C. de Vintró;Sant Andreu;Immobiliaria;;No;432169,461;4587409,155;MASC
2346;Laboral (oficines);Plaça del Mercadal;Sant Andreu;Immobiliaria;;No;432189,5941;4587363,591;MASC
2347;Club/Bar;C. de Vintró;Sant Andreu;Bar;;No;432169,2844;4587400,678;MASC
2348;Comerç;Plaça del Mercadal;Sant Andreu;Reformes;;No;432161,5138;4587350,522;MASC
2349;Club/Bar;Plaça del Mercadal;Sant Andreu;Bar;;No;432160,8073;4587326,327;MASC
2350;Comerç;Plaça del Mercadal;Sant Andreu;Roba;;No;432166,1055;4587320,322;MASC
2351;Club/Bar;C. de Vintró;Sant Andreu;Bar;;No;432161,1606;4587288,18;MASC
2352;Esport;C. de Rubén Dario;Sant Andreu;Gimnàs;;No;432127,9587;4587289,24;MASC
2353;Club/Bar;C. Pons i Gallarza;Sant Andreu;Bar;;No;432103,9403;4587422,754;MASC
2354;Esport;C. Pons i Gallarza;Sant Andreu;Gimnàs;;No;431935,1053;4587426,109;MASC
2355;Laboral (oficines);C. de Malats;Sant Andreu;Assegurances;;No;432175,1124;4587511,586;MASC
2356;Comerç;C. de Còrdova;Sant Andreu;Reformes;;No;432182,883;4587521,83;MASC
2357;Comerç;C. de Servet;Sant Andreu;Reformes;;No;432182,1766;4587591,236;MASC
2358;Club/Bar;C. de la Segarra;Sant Andreu;Bar;;No;432183,0597;4587628,323;MASC
2359;Laboral (oficines);C. Gran de Sant Andreu;Sant Andreu;Assegurances;;No;432295,7341;4587567,924;MASC
2360;Club/Bar;C. Gran de Sant Andreu;Sant Andreu;Bar;;No;432295,5575;4587574,811;MASC
2361;Laboral (oficines);C. Gran de Sant Andreu;Sant Andreu;Assegurances;;No;432274,5414;4587612,605;MASC
2362;Comerç;C. Gran de Sant Andreu;Sant Andreu;Ferreteria;;No;432286,7272;4587588,586;MASC
2363;Club/Bar;C. Gran de Sant Andreu;Sant Andreu;Bar;;No;432247,8739;4587660,642;MASC
2364;Laboral (oficines);C. de la Segarra;Sant Andreu;Assegurances;;No;432192,2431;4587665,057;MASC
2365;Comerç;C. de la Segarra;Sant Andreu;Reformes;;No;432190,4771;4587660,112;MASC
2366;Comerç;Plaça de Marià Brossa;Sant Andreu;Fusteria;;No;432154,9794;4587608,543;MASC
2367;Comerç;Plaça de Marià Brossa;Sant Andreu;Mecànic;;No;432150,3876;4587589,116;MASC
2368;Comerç;Plaça de Marià Brossa;Sant Andreu;Reformes;;No;432162,0436;4587586,467;MASC
2369;Esport;C. de Servet;Sant Andreu;Gimnàs;;No;432059,7889;4587621,965;MASC
2370;Club/Bar;C. de Servet;Sant Andreu;Bar;;No;432067,7362;4587608,719;MASC
2371;Club/Bar;C. de Malats;Sant Andreu;Bar;;No;432013,3416;4587539,667;MASC
2372;Comerç;C. de Mir;Sant Andreu;Mecànic;;No;432038,243;4587501,167;MASC
2373;Comerç;C. de Mir;Sant Andreu;Mecànic;;No;432005,571;4587499,401;MASC
2374;Laboral (oficines);C. de Malats;Sant Andreu;Assessoria;;No;431957,181;4587555,031;MASC
2375;Comerç;C. de Malats;Sant Andreu;Mecànic;;No;431941,4631;4587558,917;MASC
2376;Comerç;C. de Malats;Sant Andreu;Reformes;;No;431944,1122;4587577,46;MASC
2377;Comerç;C. de Cabrera;Sant Andreu;Reformes;;No;431921,5067;4587482,623;MASC
2378;Club/Bar;Av. Meridiana;Sant Andreu;Bar;Nepalí;No;431877,3553;4587457,722;MASC
2379;Club/Bar;Av. Meridiana;Sant Andreu;Bar;;No;431887,2452;4587497,105;MASC
2380;Club/Bar;Av. Meridiana;Sant Andreu;Restaurant;;No;431894,6626;4587525,715;MASC
2381;Comerç;Av. Meridiana;Sant Andreu;Reformes;;No;431910,3805;4587588,057;MASC
2382;Club/Bar;Av. Meridiana;Sant Andreu;Bar;;No;431916,5617;4587612,252;MASC
2383;Club/Bar;C. de Servet;Sant Andreu;Bar;;No;431931,7498;4587642,981;MASC
2384;Comerç;Av. Meridiana;Sant Andreu;Estanc;;No;431923,4494;4587638,036;MASC
2385;Comerç;Av. Meridiana;Sant Andreu;Reformes;;No;431921,8599;4587630,619;MASC
2386;Comerç;Riera de Sant Andreu;Sant Andreu;Estanc;;No;431881,947;4587408,537;MASC
2387;Comerç;C. de les Tres Creus;Sant Andreu;Mecànic;;No;431865,6993;4587389,11;MASC
2388;Comerç;Av. Meridiana;Sant Andreu;Reformes;;No;431863,4917;4587412,687;MASC
2389;Comerç;Av. Meridiana;Sant Andreu;Assessoria;;No;431840,1798;4587333,833;MASC
2390;Laboral (oficines);Av. Meridiana;Sant Andreu;Immobiliaria;;No;431836,6477;4587305,576;MASC
2391;Comerç;Av. Meridiana;Sant Andreu;Perruqueria;;No;431835,9413;4587298,158;MASC
2392;Club/Bar;C. d'Ignasi Iglèsias;Sant Andreu;Bar;;No;431838,7669;4587271,844;MASC
2393;Comerç;C. de Castellbell;Sant Andreu;Mecànic;;No;431994,5331;4587288,445;MASC
2394;Club/Bar;C. de Rubén Dario;Sant Andreu;Bar;;No;432009,1914;4587289,681;MASC
2395;Club/Bar;C. de Rubén Dario;Sant Andreu;Bar;;No;432040,4506;4587282,97;MASC
2396;Laboral (oficines);C. d'Ignasi Iglèsias;Sant Andreu;Assessoria;;No;432054,0492;4587234,051;MASC
2397;Comerç;C. del Pare Secchi;Sant Andreu;Estanc;;No;432047,1616;4587202,262;MASC
2398;Club/Bar;C. del Pare Secchi;Sant Andreu;Bar;;No;432025,2625;4587206,677;MASC
2399;Club/Bar;C. del Montsec;Sant Andreu;Bar;;No;432029,8543;4587188,486;MASC
2400;Comerç;C. de Renart;Sant Andreu;Reformes;;No;431912,7647;4587243,234;MASC
2401;Comerç;C. de Renart;Sant Andreu;Mecànic;;No;431901,6386;4587243,234;MASC
2402;Comerç;C. de Coroleu;Sant Andreu;Reformes;;No;431885,2142;4587170,119;MASC
2403;Laboral (oficines);C. de Coroleu;Sant Andreu;Assessoria;;No;431894,3977;4587155,461;MASC
2404;Comerç;C. de Coroleu;Sant Andreu;Reformes;;No;431906,4069;4587154,401;MASC
2405;Club/Bar;C. de Coroleu;Sant Andreu;Bar;;No;431853,4252;4587162,349;MASC
2406;Club/Bar;Plaça de les Palmeres;Sant Andreu;Bar;;No;431969,9849;4587138,684;MASC
2407;Comerç;Plaça de les Palmeres;Sant Andreu;Reformes;;No;431966,9826;4587116,431;MASC
2408;Comerç;C. de l'Abat Odó;Sant Andreu;Mecànic;;No;432058,1112;4587081,993;MASC
2409;Comerç;C. del Pare Secchi;Sant Andreu;Reformes;;No;432028,0882;4587065,745;MASC
2410;Comerç;C. de Sócrates;Sant Andreu;Reformes;;No;432066,0584;4587020,888;MASC
2411;Comerç;C. de Sócrates;Sant Andreu;Mecànic;;No;432042,04;4587023,537;MASC
2412;Club/Bar;C. de Sócrates;Sant Andreu;Bar;;No;432021,024;4587027,245;MASC
2413;Comerç;C. de Sócrates;Sant Andreu;Ferreteria;;No;431973,1638;4587032,897;MASC
2414;Club/Bar;C. de Castellbell;Sant Andreu;Bar;;No;431970,6914;4587060,094;MASC
2415;Comerç;C. de Sócrates;Sant Andreu;Estanc;;No;431981,4643;4587016,649;MASC
2416;Comerç;C. d'Irlanda;Sant Andreu;Reformes;;No;431961,6845;4586992,631;MASC
2417;Comerç;C. de Castellbell;Sant Andreu;Perruqueria;;No;431959,0354;4587062,92;MASC
2418;Comerç;C. de Castellbell;Sant Andreu;Mecànic;;No;431960,8014;4587073,516;MASC
2419;Club/Bar;C. de l'Abat Odó;Sant Andreu;Bar;Peruà;No;431957,4459;4587083,053;MASC
2420;Comerç;C. de l'Abat Odó;Sant Andreu;Industria;;No;431878,15;4587092,413;MASC
2421;Comerç;C. de l'Abat Odó;Sant Andreu;Reformes;;No;431891,3954;4587090,823;MASC
2422;Laboral (oficines);C. de Sócrates;Sant Andreu;Co-working;;No;431888,2165;4587042,787;MASC
2423;Club/Bar;C. de Concepción arenal;Sant Andreu;Bar;;No;431858,1936;4587066,805;MASC
2424;Comerç;C. de Sócrates;Sant Andreu;Reformes;;No;431887,8633;4587027,599;MASC
2425;Comerç;C. de Sócrates;Sant Andreu;Fusteria;;No;431878,15;4587029,365;MASC
2426;Comerç;C. de Sócrates;Sant Andreu;Mecànic;;No;431911,5285;4587024,596;MASC
2427;Laboral (oficines);C. de Concepción arenal;Sant Andreu;Assegurances;;No;431867,7303;4586977,089;MASC
2428;Club/Bar;C. de Concepción arenal;Sant Andreu;Bar;;No;431869,4963;4586955,897;MASC
2429;Comerç;C. de Concepción arenal;Sant Andreu;Mecànic;;No;431852,5422;4586961,548;MASC
2430;Laboral (oficines);C. de Sócrates;Sant Andreu;Assegurances;;No;431842,6523;4587026,539;MASC
2431;Club/Bar;C. de Sócrates;Sant Andreu;Bar;;No;431826,7578;4587024,243;MASC
2432;Laboral (oficines);C. de Concepción arenal;Sant Andreu;Banc;La Caixa;No;431844,0651;4587046,672;MASC
2433;Club/Bar;Av. Meridiana;Sant Andreu;Bar;;No;431782,2531;4587042,433;MASC
2434;Club/Bar;Av. Meridiana;Sant Andreu;Bar;;No;431782,9596;4587101,243;MASC
2435;Club/Bar;Av. Meridiana;Sant Andreu;Bar;;No;431782,2531;4587085,702;MASC
2436;Club/Bar;C. de Concepción arenal;Sant Andreu;Restaurant;;No;431839,2968;4587087,998;MASC
2437;Club/Bar;C. de Concepción arenal;Sant Andreu;Bar;;No;431834,3518;4587137,271;MASC
2438;Comerç;C. de Concepción arenal;Sant Andreu;Perruqueria;;No;431837,8839;4587104,069;MASC
2439;Laboral (oficines);C. de Concepción arenal;Sant Andreu;Immobiliaria;;No;431828,1706;4587196,257;MASC
2440;Laboral (oficines);C. de Concepción arenal;Sant Andreu;Immobiliaria;;No;431826,4045;4587215,33;MASC
2441;Club/Bar;Av. Meridiana;Sant Andreu;Restaurant;Peruà;No;431810,1568;4587235,463;MASC
2442;Comerç;Av. Meridiana;Sant Andreu;Perruqueria;;No;431805,7417;4587220,982;MASC
2443;Club/Bar;Av. Meridiana;Sant Andreu;Bar;;No;431801,5032;4587205,794;MASC
2444;Laboral (oficines);C. de Concepción arenal;Sant Andreu;Immobiliaria;;No;431878,3266;4586868,477;MASC
2445;Comerç;C. de Concepción arenal;Sant Andreu;Perruqueria;;No;431862,5204;4586864,68;MASC
2446;Comerç;Rambla de Fabra i Puig;Sant Andreu;Estanc;;No;431860,1362;4586847,284;MASC
2447;Club/Bar;Rambla de Fabra i Puig;Sant Andreu;Restaurant;Xinés;No;431844,9481;4586847,726;MASC
2448;Club/Bar;Rambla de Fabra i Puig;Sant Andreu;Bar;;No;431826,3162;4586848,344;MASC
2449;Club/Bar;Av. Meridiana;Sant Andreu;Bar;;No;431788,346;4586941,768;MASC
2450;Estació Pública;Av. Meridiana;Sant Andreu;Metro;;No;431767,1534;4586912,099;MASC
2451;Club/Bar;Rambla de Fabra i Puig;Sant Andreu;Bar;;No;431816,2497;4586819,734;MASC
2452;Club/Bar;Av. Meridiana;Sant Andreu;Restaurant;Japonés;No;431801,9447;4586789,711;MASC
2453;Club/Bar;Av. Meridiana;Sant Andreu;Bar;;No;431833,5571;4586724,543;MASC
2454;Comerç;C. de Concepción arenal;Sant Andreu;Mecànic;;No;431860,5777;4586800,484;MASC
2455;Comerç;C. de Concepción arenal;Sant Andreu;Fusteria;;No;431859,3415;4586762,69;MASC
2456;Club/Bar;Rambla de Fabra i Puig;Sant Andreu;Bar;;No;431926,6283;4586817,261;MASC
2457;Laboral (oficines);C. de les Filatures;Sant Andreu;Immobiliaria;;No;431928,0411;4586781,234;MASC
2458;Club/Bar;C. del Llenguadoc;Sant Andreu;Restaurant;Japonés;No;431908,6145;4586856,115;MASC
2459;Club/Bar;Rambla de Fabra i Puig;Sant Andreu;Bar;;No;431926,4516;4586845,518;MASC
2460;Club/Bar;Rambla de Fabra i Puig;Sant Andreu;Restaurant;;No;431934,3989;4586845,695;MASC
2461;Club/Bar;Rambla de Fabra i Puig;Sant Andreu;Bar;;No;431941,2865;4586844,459;MASC
2462;Club/Bar;Rambla de Fabra i Puig;Sant Andreu;Bar;Italià;No;431968,1306;4586816,555;MASC
2463;Club/Bar;Rambla de Fabra i Puig;Sant Andreu;Bar;Xinés;No;432001,1558;4586814,082;MASC
2464;Comerç;Rambla de Fabra i Puig;Sant Andreu;Mecànic;;No;432063,321;4586813,729;MASC
2465;Club/Bar;Rambla de Fabra i Puig;Sant Andreu;Bar;;No;432106,9426;4586812,846;MASC
2466;Club/Bar;Rambla de Fabra i Puig;Sant Andreu;Bar;;No;432135,9059;4586811,257;MASC
2467;Club/Bar;Rambla de Fabra i Puig;Sant Andreu;Bar;;No;432087,516;4586812,67;MASC
2468;Comerç;C. de Nadal;Sant Andreu;Reformes;;No;432164,3395;4586741,851;MASC
2469;Club/Bar;C. Camil Fabra;Sant Andreu;Bar;;No;432096,6995;4586710,415;MASC
2470;Club/Bar;C. de Dublin;Sant Andreu;Bar;;No;432106,5894;4586670,679;MASC
2471;Laboral (oficines);C. de Dublin;Sant Andreu;Assegurances;;No;432142,4404;4586670,502;MASC
2472;Laboral (oficines);Plaça de Nadal;Sant Andreu;Assegurances;;No;432196,2168;4586705,47;MASC
2473;Laboral (oficines);Plaça de Nadal;Sant Andreu;Arquitectes;;No;432211,3166;4586687,633;MASC
2474;Laboral (oficines);C. de San Ildefonso;Sant Andreu;Assessoria;;No;432246,3728;4586671,915;MASC
2475;Laboral (oficines);C. de Neopàtria;Sant Andreu;Advocat;;No;432306,9485;4586661,495;MASC
2476;Comerç;C. de Neopàtria;Sant Andreu;Reformes;;No;432328,1412;4586603,039;MASC
2477;Comerç;C. de San Ildefonso;Sant Andreu;Reformes;;No;432336,7949;4586675,8;MASC
2478;Comerç;C. de San Ildefonso;Sant Andreu;Reformes;;No;432310,4806;4586671,208;MASC
2479;Club/Bar;C. de Dublin;Sant Andreu;Bar;;No;432366,1114;4586574,252;MASC
2480;Comerç;C. de Neopàtria;Sant Andreu;Fusteria;;No;432279,2214;4586705,117;MASC
2481;Comerç;C. de Neopàtria;Sant Andreu;Mecànic;;No;432279,398;4586740,791;MASC
2482;Comerç;C. de Neopàtria;Sant Andreu;Reformes;;No;432268,8017;4586767,105;MASC
2483;Laboral (oficines);Rambla de Fabra i Puig;Sant Andreu;Advocat;;No;432220,4117;4586809,137;MASC
2484;Laboral (oficines);Rambla de Fabra i Puig;Sant Andreu;Advocat;;No;432176,2603;4586810,197;MASC
2485;Esport;C. de Cuba;Sant Andreu;Judo;Japonés;No;432212,2879;4586757,745;MASC
2486;Club/Bar;Rambla de Fabra i Puig;Sant Andreu;Bar;;No;432214,4072;4586837,836;MASC
2487;Club/Bar;Rambla de Fabra i Puig;Sant Andreu;Bar;;No;432174,4943;4586839,072;MASC
2488;Comerç;C. de les Monges;Sant Andreu;Estanc;;No;432145,1777;4586848,962;MASC
2489;Club/Bar;Rambla de Fabra i Puig;Sant Andreu;Bar;;No;432142,8819;4586839,602;MASC
2490;Laboral (oficines);C. del Llenguadoc;Sant Andreu;Assessoria;;No;432189,859;4586923,843;MASC
2491;Comerç;C. del Llenguadoc;Sant Andreu;Mecànic;;No;432072,946;4586902,474;MASC
2492;Comerç;C. del Llenguadoc;Sant Andreu;Mecànic;;No;432110,7396;4586901,59;MASC
2493;Laboral (oficines);C. del Llenguadoc;Sant Andreu;Assessoria;;No;432108,797;4586952,276;MASC
2494;Comerç;C. del Vallés;Sant Andreu;Mecànic;;No;432062,5263;4586944,682;MASC
2495;Comerç;C. del Vallés;Sant Andreu;Reformes;;No;432022,4368;4586937,618;MASC
2496;Comerç;C. d'Irlanda;Sant Andreu;Reformes;;No;431989,235;4586924,902;MASC
2497;Laboral (oficines);C. d'Irlanda;Sant Andreu;Assessoria;;No;431977,7556;4586903,18;MASC
2498;Laboral (oficines);Rambla de Fabra i Puig;Sant Andreu;Banc;;No;432006,3657;4586843,487;MASC
2499;Laboral (oficines);C. del Llenguadoc;Sant Andreu;Assegurances;;No;432026,4987;4586877,572;MASC
2500;Comerç;C. del Llenguadoc;Sant Andreu;Reformes;;No;432060,7602;4586887,815;MASC
2501;Club/Bar;C. del Llenguadoc;Sant Andreu;Bar;;No;432037,2717;4586880,574;MASC
2502;Club/Bar;Rambla de Fabra i Puig;Sant Andreu;Bar;;No;432027,2052;4586842,781;MASC
2503;Club/Bar;Rambla de Fabra i Puig;Sant Andreu;Bar;;No;432037,2717;4586842,251;MASC
2504;Laboral (oficines);Rambla de Fabra i Puig;Sant Andreu;Banc;;No;432046,2786;4586841,721;MASC
2505;Comerç;Rambla de Fabra i Puig;Sant Andreu;Roba;;No;432055,2855;4586842,074;MASC
2506;Club/Bar;Rambla de Fabra i Puig;Sant Andreu;Bar;;No;432063,2327;4586841,015;MASC
2507;Club/Bar;Rambla de Fabra i Puig;Sant Andreu;Bar;;No;432083,3658;4586841,368;MASC
2508;Laboral (oficines);C. de Neopàtria;Sant Andreu;Oficina;;No;432216,3498;4586983,359;MASC
2509;Comerç;C. de Sócrates;Sant Andreu;Reformes;;No;432174,8475;4587016,737;MASC
2510;Laboral (oficines);C. de les Monges;Sant Andreu;Oficina;;No;432118,8635;4587060,182;MASC
2511;Club/Bar;C. de Neopàtria;Sant Andreu;Bar;;No;432222,1778;4587037,577;MASC
2512;Club/Bar;C. Gran de Sant Andreu;Sant Andreu;Bar;;No;432264,5632;4586943,093;MASC
2513;Club/Bar;C. Gran de Sant Andreu;Sant Andreu;Bar;;No;432263,6801;4586961,99;MASC
2514;Club/Bar;C. de Neopàtria;Sant Andreu;Bar;;No;432230,1251;4586947,508;MASC
2515;Comerç;C. Gran de Sant Andreu;Sant Andreu;Reformes;;No;432263,1503;4586970,997;MASC
2516;Comerç;C. Gran de Sant Andreu;Sant Andreu;Reformes;;No;432262,6205;4586984,595;MASC
2517;Laboral (oficines);C. Gran de Sant Andreu;Sant Andreu;Immobiliaria;;No;432280,2811;4586971,88;MASC
2518;Laboral (oficines);C. de Neopàtria;Sant Andreu;Banc;;No;432246,0196;4586842,428;MASC
2519;Club/Bar;C. de Neopàtria;Sant Andreu;Bar;;No;432238,9553;4586887,639;MASC
2520;Laboral (oficines);C. de Neopàtria;Sant Andreu;Assessoria;;No;432234,8934;4586907,418;MASC
2521;Laboral (oficines);C. Gran de Sant Andreu;Sant Andreu;Oficina;;No;432274,4531;4586880,398;MASC
2522;Club/Bar;C. Gran de Sant Andreu;Sant Andreu;Bar;;No;432293,1733;4586888,522;MASC
2523;Club/Bar;C. Gran de Sant Andreu;Sant Andreu;Bar;;No;432294,2329;4586879,515;MASC
2524;Laboral (oficines);C. de Borriana;Sant Andreu;Immobiliaria;;No;432343,3293;4586843,84;MASC
2525;Comerç;C. del Doctor Santponç;Sant Andreu;Perruqueria;;No;432312,5999;4586966,758;MASC
2526;Comerç;C. de Colònia;Sant Andreu;Reformes;;No;432340,1504;4586930,907;MASC
2527;Laboral (oficines);C. de Ramon Batllé;Sant Andreu;Arquitectes;;No;432326,7283;4587019,386;MASC
2528;Club/Bar;C. del Doctor Santponç;Sant Andreu;Bar;;No;432443,8179;4586987,597;MASC
2529;Comerç;C. de Peronella;Sant Andreu;Reformes;;No;432439,5794;4587013,558;MASC
2530;Comerç;C. de Ramon Batllé;Sant Andreu;Mecànic;;No;432417,5037;4587035,458;MASC
2531;Comerç;C. de Parellada;Sant Andreu;Reformes;;No;432479,8454;4587094,444;MASC
2532;Comerç;C. del Doctor Santponç;Sant Andreu;Reformes;;No;432500,6849;4587005,17;MASC
2533;Comerç;C. de Ramon Batllé;Sant Andreu;Reformes;;No;432515,1666;4587034,31;MASC
2534;Gimnàs;C. de Liuva;Sant Andreu;Gimnàs;;No;432496,2698;4586932,585;MASC
2535;Comerç;C. de Borriana;Sant Andreu;Industria;;No;432552,0772;4586894,615;MASC
2536;Comerç;C. de Borriana;Sant Andreu;Perruqueria;;No;432561,6139;4586896,734;MASC
2537;Club/Bar;Plaça de Montserrat Roca i Baltà;Sant Andreu;Bar;;No;432583,8662;4586972,674;MASC
2538;Club/Bar;Plaça de Montserrat Roca i Baltà;Sant Andreu;Bar;;No;432578,568;4586955,014;MASC
2539;Club/Bar;C. de Virgili;Sant Andreu;Restaurant;;No;432603,1162;4587028,128;MASC
2540;Club/Bar;C. de Virgili;Sant Andreu;Bar;;No;432587,7515;4587052,677;MASC
2541;Club/Bar;C. de Virgili;Sant Andreu;Bar;;No;432578,2148;4587058,681;MASC
2542;Esport;C. de Virgili;Sant Andreu;Lluita lliure;Spartan;Sí;432576,8019;4587069,631;MASC
2543;Club/Bar;C. del Segre;Sant Andreu;Bar;;No;432602,4098;4587112,193;MASC
2544;Club/Bar;C. de Parellada;Sant Andreu;Bar;;No;432596,5818;4587140,979;MASC
2545;Club/Bar;C. de Parellada;Sant Andreu;Bar;;No;432663,3387;4587160,406;MASC
2546;Comerç;C. del Segre;Sant Andreu;Reformes;;No;432642,8525;4587055,149;MASC
2547;Comerç;C. del Segre;Sant Andreu;Mecànic;;No;432640,2034;4587060,271;MASC
2548;Laboral (oficines);C. del Segre;Sant Andreu;Immobiliaria;;No;432610,0038;4587101,773;MASC
2549;Comerç;C. del Segre;Sant Andreu;Armeria;;No;432615,8318;4587093,826;MASC
2550;Comerç;C. del Doctor Santponç;Sant Andreu;Reformes;;No;432676,2309;4587025,303;MASC
2551;Comerç;C. del Doctor Santponç;Sant Andreu;Ferreteria;;No;432711,3754;4587033,427;MASC
2552;Laboral (oficines);C. de Josep Soldevila;Sant Andreu;Assegurances;;No;432731,6851;4587076,695;MASC
2553;Comerç;C. de Josep Soldevila;Sant Andreu;Mecànic;;No;432715,2608;4587109,19;MASC
2554;Club/Bar;C. de Josep Soldevila;Sant Andreu;Restaurant;;No;432748,4626;4587036,341;MASC
2555;Laboral (oficines);C. de Josep Soldevila;Sant Andreu;Marqueting;Marketing Talent;Sí;432766,4764;4586983,006;MASC
2556;Club/Bar;C. del Segre;Sant Andreu;Bar;;No;432711,6404;4586943,888;MASC
2557;Comerç;C. de Borriana;Sant Andreu;Reformes;;No;432745,7252;4586947,066;MASC
2558;Gimnàs;C. del Segre;Sant Andreu;Crossfit;;No;432690,9775;4587008,878;MASC
2559;Comerç;C. de Josep Soldevila;Sant Andreu;Reformes;;No;432793,5854;4586864,768;MASC
2560;Laboral (oficines);C. de Josep Soldevila;Sant Andreu;Oficina;;No;432792,879;4586874,305;MASC
2561;Comerç;C. de Josep Soldevila;Sant Andreu;Reformes;;No;432788,9936;4586888,433;MASC
2562;Club/Bar;C. del Segre;Sant Andreu;Bar;;No;432747,3147;4586880,663;MASC
2563;Club/Bar;Plaça de Pere Flaqués;Sant Andreu;Bar;;No;432783,3422;4586841,103;MASC
2564;Comerç;C. de Mossèn Quintí Mallofré;Sant Andreu;Perruqueria;;No;432688,8582;4586876,424;MASC
2565;Club/Bar;Rambla de l'Onze de Setembre;Sant Andreu;Bar;;No;432587,6632;4586829,447;MASC
2566;Club/Bar;Rambla de l'Onze de Setembre;Sant Andreu;Bar;;No;432642,9408;4586789,534;MASC
2567;Club/Bar;Rambla de l'Onze de Setembre;Sant Andreu;Bar;;No;432717,6449;4586821,676;MASC
2568;Comerç;Rambla de l'Onze de Setembre;Sant Andreu;Ferreteria;;No;432665,7229;4586825,915;MASC
2569;Laboral (oficines);Rambla de l'Onze de Setembre;Sant Andreu;Immobiliaria;;No;432693,6266;4586823,089;MASC
2570;Comerç;Rambla de l'Onze de Setembre;Sant Andreu;Perruqueria;;No;432728,5945;4586820,617;MASC
2571;Comerç;Rambla de l'Onze de Setembre;Sant Andreu;Mecànic;;No;432663,2504;4586788,121;MASC
2572;Comerç;Rambla de l'Onze de Setembre;Sant Andreu;Reformes;;No;432693,9798;4586784,236;MASC
2573;Club/Bar;Rambla de l'Onze de Setembre;Sant Andreu;Bar;;No;432708,8147;4586782,823;MASC
2574;Comerç;Rambla de l'Onze de Setembre;Sant Andreu;Reformes;;No;432721,7069;4586780,174;MASC
2575;Comerç;C. de Josep Soldevila;Sant Andreu;Mecànic;;No;432776,4546;4586764,456;MASC
2576;Club/Bar;C. de Virgili;Sant Andreu;Bar;;No;432632,521;4586636,24;MASC
2577;Laboral (oficines);C. de Virgili;Sant Andreu;Assessoria;;No;432633,7573;4586654,784;MASC
2578;Comerç;C. de Virgili;Sant Andreu;Reformes;;No;432635,8765;4586682,864;MASC
2579;Comerç;C. del Pare Manyanet;Sant Andreu;Perruqueria;Antologia de masculinitzacio de comerç;Sí;432504,1287;4586582,906;MASC
2580;Club/Bar;C. de Santa Coloma;Sant Andreu;Bar;;No;432515,0783;4586595,091;MASC
2581;Comerç;C. de Santa Coloma;Sant Andreu;Industria;;No;432517,3741;4586642,422;MASC
2582;Gimnàs;C. de Santa Coloma;Sant Andreu;Gimnàs;;No;432524,0852;4586716,596;MASC
2583;Club/Bar;C. de Santa Coloma;Sant Andreu;Restaurant;;No;432527,4407;4586736,023;MASC
2584;Club/Bar;Rambla de l'Onze de Setembre;Sant Andreu;Bar;;No;432474,6356;4586803,486;MASC
2585;Club/Bar;Rambla de l'Onze de Setembre;Sant Andreu;Bar;;No;432521,6127;4586802,603;MASC
2586;Laboral (oficines);Rambla de l'Onze de Setembre;Sant Andreu;Advocat;;No;432512,076;4586802,25;MASC
2587;Comerç;Rambla de l'Onze de Setembre;Sant Andreu;Perruqueria;;No;432493,8856;4586803,309;MASC
2588;Club/Bar;Rambla de l'Onze de Setembre;Sant Andreu;Bar;;No;432532,9154;4586830,507;MASC
2589;Club/Bar;Rambla de l'Onze de Setembre;Sant Andreu;Bar;;No;432521,6127;4586830,507;MASC
2590;Comerç;Rambla de l'Onze de Setembre;Sant Andreu;Reformes;;No;432513,1356;4586831,213;MASC
2591;Club/Bar;Rambla de l'Onze de Setembre;Sant Andreu;Bar;;No;432506,7778;4586831,213;MASC
2592;Club/Bar;Rambla de l'Onze de Setembre;Sant Andreu;Restaurant;;No;432500,9498;4586831,39;MASC
2593;Comerç;Rambla de l'Onze de Setembre;Sant Andreu;Estanc;;No;432444,6126;4586832,803;MASC
2594;Club/Bar;C. de Sant Sebastià;Sant Andreu;Bar;;No;432420,241;4586843,399;MASC
2595;Comerç;C. de Borriana;Sant Andreu;Industria;;No;432410,8809;4586861,059;MASC
2596;Laboral (oficines);C. de Borriana;Sant Andreu;Assessoria;;No;432448,8512;4586869,89;MASC
2597;Laboral (oficines);Rambla de l'Onze de Setembre;Sant Andreu;Immobiliaria;;No;432435,2525;4586804,016;MASC
2598;Comerç;C. de Sant Sebastià;Sant Andreu;Reformes;;No;432419,358;4586778,055;MASC
2599;Comerç;C. dels Afores;Sant Andreu;Reformes;;No;432368,6722;4586787,062;MASC
2600;Club/Bar;Rambla de l'Onze de Setembre;Sant Andreu;Bar;;No;432354,5437;4586805,605;MASC
2601;Laboral (oficines);Rambla de l'Onze de Setembre;Sant Andreu;Banc;La Caixa;No;432331,7616;4586806,488;MASC
2602;Club/Bar;Rambla de l'Onze de Setembre;Sant Andreu;Bar;Colombia;No;432292,0253;4586808,608;MASC
2603;Laboral (oficines);C. Gran de Sant Andreu;Sant Andreu;Assegurances;;No;432295,9107;4586800,66;MASC
2604;Club/Bar;Rambla de l'Onze de Setembre;Sant Andreu;Bar;Asiàtic;No;432260,0597;4586808,961;MASC
2605;Laboral (oficines);C. Gran de Sant Andreu;Sant Andreu;Immobiliaria;;No;432298,3831;4586793,42;MASC
2606;Comerç;C. Gran de Sant Andreu;Sant Andreu;Estanc;;No;432320,2822;4586728,605;MASC
2607;Comerç;C. Gran de Sant Andreu;Sant Andreu;Mecànic;;No;432323,4611;4586721,364;MASC
2608;Laboral (oficines);C. Gran de Sant Andreu;Sant Andreu;Arquitectes;;No;432316,3969;4586736,553;MASC
2609;Club/Bar;C. Gran de Sant Andreu;Sant Andreu;Bodega;;No;432333,3511;4586693,284;MASC
2610;Comerç;C. Gran de Sant Andreu;Sant Andreu;Perruqueria;;No;432333,8809;4586754,213;MASC
2611;Comerç;C. Gran de Sant Andreu;Sant Andreu;Reformes;;No;432370,085;4586651,605;MASC
2612;Club/Bar;C. Gran de Sant Andreu;Sant Andreu;Restaurant;Italià;No;432366,9061;4586660,789;MASC
2613;Comerç;C. Gran de Sant Andreu;Sant Andreu;Industria;;No;432373,4405;4586644,894;MASC
2614;Comerç;C. Gran de Sant Andreu;Sant Andreu;Reformes;;No;432377,1493;4586634,121;MASC
2615;Comerç;C. Gran de Sant Andreu;Sant Andreu;Modelisme;;No;432388,452;4586600,036;MASC
2616;Esport;C. Gran de Sant Andreu;Sant Andreu;Bicicleta;;No;432370,2616;4586603,745;MASC
2617;Laboral (oficines);C. Gran de Sant Andreu;Sant Andreu;Assessoria;;No;432356,1332;4586636,947;MASC
2618;Comerç;C. Gran de Sant Andreu;Sant Andreu;Mecànic;;No;432348,1859;4586659,199;MASC
2619;Club/Bar;C. Gran de Sant Andreu;Sant Andreu;Restaurant;;No;432280,546;4587228,576;MASC
2620;Club/Bar;C. Gran de Sant Andreu;Sant Andreu;Restaurant;;No;432267,6538;4587224,514;MASC
2621;Laboral (oficines);C. Gran de Sant Andreu;Sant Andreu;Banc;La Caixa;No;432267,7421;4587218,156;MASC
2622;Laboral (oficines);C. Gran de Sant Andreu;Sant Andreu;Telefònica;;No;432267,9187;4587212,681;MASC
2623;Comerç;C. d'Ignasi Iglèsias;Sant Andreu;Mecànic;;No;432226,9462;4587193,431;MASC
2624;Comerç;C. d'Ignasi Iglèsias;Sant Andreu;Reformes;;No;432197,6296;4587198,2;MASC
2625;Comerç;C. de les Monges;Sant Andreu;Mecànic;;No;432120,453;4587194,491;MASC
2626;Esport;C. del Montsec;Sant Andreu;Escalada;;No;432183,148;4587161,466;MASC
2627;Laboral (oficines);C. de Coroleu;Sant Andreu;Oficina;;No;432207,1663;4587110,073;MASC
2628;Laboral (oficines);C. de Coroleu;Sant Andreu;Immobiliaria;;No;432228,5356;4587106,718;MASC
2629;Comerç;C. Gran de Sant Andreu;Sant Andreu;Perruqueria;;No;432256,7925;4587098,947;MASC
2630;Club/Bar;C. Gran de Sant Andreu;Sant Andreu;Restaurant;;No;432258,7352;4587082,523;MASC
2631;Comerç;C. de Coroleu;Sant Andreu;Perruqueria;;No;432232,4209;4587118,551;MASC
2632;Comerç;C. Gran de Sant Andreu;Sant Andreu;Roba;;No;432261,2077;4587149,633;MASC
2633;Club/Bar;C. Gran de Sant Andreu;Sant Andreu;Bar;;No;432273,57;4587131,973;MASC
2634;Laboral (oficines);C. Gran de Sant Andreu;Sant Andreu;Banc;;No;432277,2788;4587123,142;MASC
2635;Laboral (oficines);C. Gran de Sant Andreu;Sant Andreu;Banc;;No;432274,4531;4587109,72;MASC
2636;Comerç;C. Gran de Sant Andreu;Sant Andreu;Reformes;;No;432276,3957;4587100,537;MASC
2637;Comerç;C. Gran de Sant Andreu;Sant Andreu;Estanc;;No;432275,5127;4587089,94;MASC
2638;Comerç;C. de Parellada;Sant Andreu;Mecànic;;No;432415,1195;4587064,333;MASC
2639;Laboral (oficines);C. Gran de Sant Andreu;Sant Andreu;Banc;;No;432300,3258;4586851,611;MASC
2640;Estació Pública;Rambla de l'Onze de Setembre;Sant Andreu;Metro;;No;432604,529;4586789,446;MASC
2641;Comerç;C. Gran de Sant Andreu;Sant Andreu;Ferreteria;;No;432354,1905;4586696,551;MASC
2642;Laboral (oficines);C. Gran de Sant Andreu;Sant Andreu;Assessoria;;No;432362,491;4586675,712;MASC
2643;Laboral (oficines);C. Gran de Sant Andreu;Sant Andreu;Informàtica;;No;432345,007;4586664,409;MASC
2644;Club/Bar;C. de les Monges;Sant Andreu;Bar;;No;432139,7913;4586884,107;MASC
2645;Club/Bar;C. de les Monges;Sant Andreu;Bar;;No;432141,2041;4586875,1;MASC
2646;Comerç;C. de les Monges;Sant Andreu;Reformes;;No;432136,9656;4586900,178;MASC
2647;Comerç;C. de les Monges;Sant Andreu;Perruqueria;;No;432144,0298;4586858,675;MASC
2648;Comerç;Rambla de Fabra i Puig;Sant Andreu;Ferreteria;;No;432099,3486;4586839,955;MASC
2649;Laboral (oficines);C. del Llenguadoc;Sant Andreu;Assessoria;;No;431941,4631;4586865,033;MASC
2650;Club/Bar;C. del Llenguadoc;Sant Andreu;Bar;;No;431968,1306;4586872,627;MASC
2651;Club/Bar;C. del Llenguadoc;Sant Andreu;Bar;;No;431975,7246;4586874,923;MASC
2652;Club/Bar;C. de Concepción arenal;Sant Andreu;Bar;;No;431860,2245;4586880,045;MASC
2653;Comerç;C. de l'Abat Odó;Sant Andreu;Mecànic;;No;431904,3759;4587099,742;MASC
2654;Comerç;Av. Meridiana;Sant Andreu;Mecànic;;No;431861,6374;4587405,623;MASC
2655;Laboral (oficines);C. Mateu Ferran;Sant Andreu;Arquitectes;;No;432243,812;4587383,901;MASC
2656;Club/Bar;C. de l'Arc del Mercat;Sant Andreu;Bar;;No;432266,2409;4587362,531;MASC
2657;Laboral (oficines);C. de Malats;Sant Andreu;Assessoria;;No;432246,1079;4587494,809;MASC
2658;Laboral (oficines);C. de Malats;Sant Andreu;Assegurances;;No;432236,9244;4587495,868;MASC
2659;Laboral (oficines);C. de Servet;Sant Andreu;Oficina;;No;432261,7375;4587572,957;MASC
2660;Laboral (oficines);C. de Joan Torras;Sant Andreu;Immobiliaria;;No;432304,2829;4587649,456;MASC
2661;Comerç;C. de Joan Torras;Sant Andreu;Concesionari;;No;432297,1254;4587672,462;MASC
2662;Comerç;C. de Joan Torras;Sant Andreu;Concesionari;;No;432345,3532;4587674,507;MASC
2663;Comerç;Passeig de Torres i Bages;Sant Andreu;Ferreteria;;No;432443,513;4587587,765;MASC
2664;Laboral (oficines);Passeig de Torres i Bages;Sant Andreu;Immobiliaria;;No;432443,1721;4587599,864;MASC
2665;Esport;C. Gran de Sant Andreu;Sant Andreu;Judo;;No;432241,3141;4587759,289;MASC
2666;Comerç;C. Gran de Sant Andreu;Sant Andreu;Reformes;;No;432222,0571;4587758,011;MASC
2667;Club/Bar;C. Gran de Sant Andreu;Sant Andreu;Bar;;No;432212,5138;4587823,28;MASC
2668;Comerç;C. Gran de Sant Andreu;Sant Andreu;Reformes;;No;432231,7708;4587834,528;MASC
2669;Comerç;C. Gran de Sant Andreu;Sant Andreu;Reformes;;No;432229,8963;4587843,474;MASC
2670;Comerç;C. Gran de Sant Andreu;Sant Andreu;Reformes;;No;432234,6679;4587814,674;MASC
2671;Comerç;Carretera de Ribes;Sant Andreu;Mecànic;;No;432214,218;4588491,652;MASC
2672;Club/Bar;C. de Bonaventura;Sant Andreu;Bar;;No;432663,5203;4586567,313;MASC
2673;Club/Bar;C. de Virgili;Sant Andreu;Bar;;No;432657,2149;4586583,076;MASC
2674;Esport;C. de Josep Soldevila;Sant Andreu;Bicicleta;;No;432770,1156;4586694,954;MASC
2675;Estació Pública;Av. Meridiana;La sagrera;Tren;;No;432024,4572;4586150,522;MASC
2676;Estació Pública;Av. Meridiana;La sagrera;Metro;;No;432094,2783;4586039,948;MASC
2677;Estació Pública;Av. Meridiana;La sagrera;Metro;;No;432073,047;4585904,438;MASC
2678;Estació Pública;C. de Sant Adrià;El Bonpastor;Metro;;No;433567,9249;4587471,061;MASC
